Workbook

Sheet By site
A1: Scenario | B1: Simulation (t/h) | C1: Simulation P2.5 | D1: Simulation P97.5 | E1: Aerial (t/h) | F1: Aerial P2.5 | G1: Aerial P97.5 | H1: Partial (t/h) | I1: Partial P2.5 | J1: Partial P97.5 | K1: Well site emissions (t/h) | L1: Well site emissions P2.5 | M1: Well site emissions P97.5 | N1: Aerial emissions P2.5 | O1: Aerial emissions P97.5 | P1: Aerial midstream emissions (t/h) | Q1: Aerial midstream emissions P2.5 | R1: Aerial midstream emissions P97.5 | S1: Midstream partial detect (t/h) | T1: Midstream GHGI below min detect (t/h) | U1: Total emissions + midstream (t/h) | V1: Total emissions + midstream P2.5 | W1: Total emissions + midstream P97.5 | X1: N | Y1: % SDev of MC iterations | Z1: Min detected emission | AA1: Transition point | AB1: Total covered production (t(CH4)/hr) | AC1: Wells covered | AD1: Well visits | AE1: Wells per site | AF1: # production plumes | AG1: # production plumes sel | AH1: # prod sources overall | AI1: # avg prod sources sim | AJ1: # midstream plumes | AK1: # midstream sources | AL1: Total sim emissions | AM1: Stratify by covered prod | AN1: Include repeats | AO1: Date | AP1: Well site visits | AQ1: Avg visits/well site | AR1: SD to SErr factor | AS1: SErr of mean total emissions | AT1: SErr of sample mean | AU1: Simulation % well site | AV1: Aerial % well site | AW1: Partial % well site | AX1: Methane fractional loss simulation well site | AY1: Methane fractional loss simulation well siteP2.5 | AZ1: Methane fractional loss simulation well siteP97.5 | BA1: Methane fractional loss aerial well site | BB1: AerialFracLossP2.5 | BC1: AerialFracLossP97.5 | BD1: Methane fractional loss partial | BE1: Methane fractional loss partialP2.5 | BF1: Methane fractional loss partialP97.5 | BG1: FracLossProd | BH1: FracLossProdP2.5 | BI1: FracLossProdP97.5 | BJ1: Methane fractional loss total | BK1: FracLossP2.5 | BL1: FracLossP97.5 | BM1: FracLossP2.5Full | BN1: FracLossP97.5Full | BO1: FracLossMidAerial | BP1: FracLossMidAerialP2.5 | BQ1: FracLossMidAerialP97.5 | BR1: FracLossMidPartial | BS1: FracLossMidPartialP2.5 | BT1: FracLossMidPartialP97.5 | BU1: FracLossMidGHGI | BV1: FracLossMidGHGIP2.5 | BW1: FracLossMidGHGIP97.5 | BX1: FracLossMidstream total | BY1: FracLossMidstream totalP2.5 | BZ1: FracLossMidstream totalP97.5 | CA1: % well site visits with plume | CB1: % well site visits with selected plume | CC1: Fraction sim retained | CD1: Well sites covered | CE1: % well sites ever emitting | CF1: Avg % wells emitting | CG1: Avg % sites emitting | CH1: Total aerial | CI1: Total aerialP2.5 | CJ1: Total aerialP97.5 | CK1: Total aerial+partial emissions | CL1: Total aerial+partial emissionsP2.5 | CM1: Total aerial+partial emissionsP97.5 | CN1: Total sim emissions | CO1: Total sim emissionsP2.5 | CP1: Total sim emissionsP97.5 | CQ1: Total aerial all segments inc below min detect | CR1: Total aerial all segments inc below min detect P2.5 | CS1: Total aerial all segments inc below min detect P97.5 | CT1: Total pipeline emissions | CU1: Total pipeline emissions P2.5 | CV1: Total pipeline emissions P97.5 | CW1: Total compressor emissions | CX1: Total compressor emissions P2.5 | CY1: Total compressor emissions P97.5 | CZ1: Total processing emissions | DA1: Total processing emissions P2.5 | DB1: Total processing emissions P97.5 | DC1: Total other midstream emissions | DD1: Total other midstream emissions P2.5 | DE1: Total other midstream emissions P97.5 | DF1: Frac aerial | DG1: Frac aerial+partial | DH1: Frac sim | DI1: Frac midstream | DJ1: Frac midstream aerial | DK1: Total production emissions | DL1: Total/Sim | DM1: Production/site covered | DN1: State GHGI | DO1: NG methane fraction | DP1: kgCH4 per mcfNG | DQ1: Full upper errorbar % total | DR1: Full lower errorbar % total | DS1: Partial prod % total | DT1: Partial mid % total | DU1: Tot sim emissions loss rate | DV1: Tot sim emissions loss rate P2.5 | DW1: Tot sim emissions loss rate P97.5 | DX1: Prod-only state GHGI loss | DY1: Prod-only state GHGI loss low | DZ1: Prod-only state GHGI loss high
A2: Kairos_Permian | B2: 18.100939 | C2: 17.689639 | D2: 18.480781 | E2: 77.998841 | F2: 71.256368 | G2: 86.169375 | H2: 4.8301886 | I2: 4.1985295 | J2: 5.5623194 | K2: 100.92997 | L2: 94.190505 | M2: 109.09475 | N2: 71.256368 | O2: 86.169375 | P2: 73.649936 | Q2: 66.938137 | R2: 83.350239 | S2: 4.9034948 | T2: 7.4248658 | U2: 186.90827 | V2: 175.5562 | W2: 200.3277 | X2: 1000 | Y2: 0.062336739 | Z2: 7.0962343 | AA2: 25.365 | AB2: 1952.0451 | AC2: 21637 | AD2: 81564 | AE2: 1.2 | AF2: 1083 | AG2: 1081.878 | AH2: 537 | AI2: 258.721 | AJ2: 902 | AK2: 415 | AL2: 25.525805 | AM2: Yes | AN2: No | AO2: 20230328 | AP2: 67970 | AQ2: 3.7698281 | AR2: 0.51503795 | AS2: 0.032105786 | AT2: 0.0019712608 | AU2: 0.15365656 | AV2: 0.83702346 | AW2: 0.0093199825 | AX2: 0.0092728077 | AY2: 0.0088637069 | AZ2: 0.0096506177 | BA2: 0.039957499 | BB2: 0.033251088 | BC2: 0.048084332 | BD2: 0.0024744247 | BE2: 0.001846144 | BF2: 0.0032026396 | BG2: 0.051704731 | BH2: 0.048252217 | BI2: 0.055887412 | BJ2: 0.095749971 | BK2: -0.0058154743 | BL2: 0.0068745508 | BM2: 0.089934497 | BN2: 0.10262452 | BO2: 0.037729628 | BP2: 0.034291285 | BQ2: 0.04269893 | BR2: 0.0025119782 | BS2: 0.0021185293 | BT2: 0.0029334725 | BU2: 0.0038036343 | BV2: 0.0031189801 | BW2: 0.0044882884 | BX2: 0.04404524 | BY2: 0.039867375 | BZ2: 0.049745139 | CA2: 0.0159335 | CB2: 0.015916993 | CC2: 0.77126584 | CD2: 18030 | CE2: 0.029783694 | CF2: 0.011957342 | CG2: 0.014349473 | CH2: 151.64878 | CI2: 144.93698 | CJ2: 161.34908 | CK2: 156.55227 | CL2: 149.07244 | CM2: 167.07535 | CN2: 25.525805 | CO2: 23.778028 | CP2: 27.242122 | CQ2: 151.72207 | CR2: 138.6427 | CS2: 167.57349 | CT2: 18.502832 | CU2: 15.091665 | CV2: 27.565307 | CW2: 6.9547925 | CX2: 5.7364258 | CY2: 8.3062942 | CZ2: 3.8015686 | DA2: 2.9803303 | DB2: 5.1433204 | DC2: 25.732057 | DD2: 22.260038 | DE2: 29.940208 | DF2: 0.81135366 | DG2: 0.83758853 | DH2: 0.13656897 | DI2: 0.46000284 | DJ2: 0.3940432 | DK2: 100.92997 | DL2: 4.3005263 | DM2: 0.10826651 | DN2: 0.012478177 | DO2: 0.9 | DP2: 17.326203 | DQ2: 0.071800021 | DR2: -0.060737349 | DS2: 0.025842495 | DT2: 0.020565413 | DX2: 0.0073 | DY2: 0.0082 | DZ2: 0.0063
A3: Permian_2019 | B3: 69.417499 | C3: 68.443659 | D3: 70.635571 | E3: 236.18653 | F3: 226.22581 | G3: 246.32564 | H3: 0 | I3: 0 | J3: 0 | K3: 305.60403 | L3: 295.52415 | M3: 315.79026 | N3: 226.22581 | O3: 246.32564 | P3: 212.57883 | Q3: 199.64633 | R3: 226.59878 | S3: 0 | T3: 38.281727 | U3: 556.46459 | V3: 532.92556 | W3: 580.16778 | X3: 1000 | Y3: 0.032662483 | Z3: 15.029525 | AA3: 59.283 | AB3: 10526.815 | AC3: 84570 | AD3: 326908 | AE3: 1.8250769 | AF3: 1749 | AG3: 1645.742 | AH3: 1054 | AI3: 483.449 | AJ3: 0 | AK3: 0 | AL3: 107.69923 | AM3: Yes | AN3: No | AO3: 20230328 | AP3: 179120 | AQ3: 3.8655934 | AR3: 0.50861822 | AS3: 0.016612734 | AT3: 0.0010328784 | AU3: 0.35168169 | AV3: 0.64831831 | AW3: 0 | AX3: 0.0065943499 | AY3: 0.0064124641 | AZ3: 0.0068218512 | BA3: 0.022436657 | BB3: 0.020576275 | BC3: 0.024330355 | BD3: 0 | BE3: 0 | BF3: 0 | BG3: 0.029031007 | BH3: 0.028073463 | BI3: 0.029998653 | BJ3: 0.05286163 | BK3: -0.002236102 | BL3: 0.0022516968 | BM3: 0.050625528 | BN3: 0.055113327 | BO3: 0.020194031 | BP3: 0.018965503 | BQ3: 0.021525864 | BR3: 0 | BS3: 0 | BT3: 0 | BU3: 0.0036365916 | BV3: 0.0029820052 | BW3: 0.0042911781 | BX3: 0.023830623 | BY3: 0.021947508 | BZ3: 0.025817042 | CA3: 0.0097644038 | CB3: 0.0091879299 | CC3: 0.82970308 | CD3: 46337 | CE3: 0.022746401 | CF3: 0.0057165543 | CG3: 0.010433325 | CH3: 448.76536 | CI3: 435.83287 | CJ3: 462.78531 | CK3: 448.76536 | CL3: 435.83287 | CM3: 462.78531 | CN3: 107.69923 | CO3: 99.834675 | CP3: 115.80801 | CQ3: 449.28444 | CR3: 429.65375 | CS3: 469.2687 | CT3: 102.36225 | CU3: 96.655735 | CV3: 109.023 | CW3: 80.647514 | CX3: 74.031141 | CY3: 87.886074 | CZ3: 29.569065 | DA3: 21.381253 | DB3: 39.986645 | DC3: 0 | DD3: 0 | DE3: 0 | DF3: 0.80645778 | DG3: 0.80645778 | DH3: 0.19354222 | DI3: 0.4508109 | DJ3: 0.38201627 | DK3: 305.60403 | DL3: 3.6526892 | DM3: 0.22717946 | DN3: 0.011491852 | DO3: 0.9 | DP3: 17.326203 | DQ3: 0.042594731 | DR3: -0.042301958 | DS3: 0 | DT3: 0 | DX3: 0.0065 | DY3: 0.0074 | DZ3: 0.0056
A4: Permian_2020 | B4: 22.486001 | C4: 21.673996 | D4: 23.318745 | E4: 34.947969 | F4: 31.679793 | G4: 38.044824 | H4: 0 | I4: 0 | J4: 0 | K4: 57.43397 | L4: 53.993234 | M4: 60.597126 | N4: 31.679793 | O4: 38.044824 | P4: 60.160964 | Q4: 53.506687 | R4: 67.679217 | S4: 0 | T4: 16.369542 | U4: 133.96448 | V4: 123.22217 | W4: 145.20185 | X4: 1000 | Y4: 0.052643636 | Z4: 8.0919112 | AA4: 83.968 | AB4: 4766.5264 | AC4: 17120 | AD4: 48890 | AE4: 1.8250769 | AF4: 284 | AG4: 246.309 | AH4: 239 | AI4: 101.24 | AJ4: 0 | AK4: 0 | AL4: 38.855543 | AM4: Yes | AN4: No | AO4: 20230328 | AP4: 26787 | AQ4: 2.8557569 | AR4: 0.59175152 | AS4: 0.031151952 | AT4: 0.0016647379 | AU4: 0.5330928 | AV4: 0.4669072 | AW4: 0 | AX4: 0.0047174817 | AY4: 0.0044295977 | AZ4: 0.0050127183 | BA4: 0.0073319575 | BB4: 0.0061732762 | BC4: 0.0084298998 | BD4: 0 | BE4: 0 | BF4: 0 | BG4: 0.012049439 | BH4: 0.011327585 | BI4: 0.012713058 | BJ4: 0.028105263 | BK4: -0.002253696 | BL4: 0.0023575603 | BM4: 0.025851567 | BN4: 0.030462823 | BO4: 0.012621553 | BP4: 0.011225509 | BQ4: 0.014198855 | BR4: 0 | BS4: 0 | BT4: 0 | BU4: 0.0034342708 | BV4: 0.002816102 | BW4: 0.0040524395 | BX4: 0.016055823 | BY4: 0.014041611 | BZ4: 0.018251295 | CA4: 0.010602158 | CB4: 0.0091950946 | CC4: 0.83174076 | CD4: 9380 | CE4: 0.025479744 | CF4: 0.0059135514 | CG4: 0.010793177 | CH4: 95.108933 | CI4: 88.454656 | CJ4: 102.62719 | CK4: 95.108933 | CL4: 88.454656 | CM4: 102.62719 | CN4: 38.855543 | CO4: 35.09702 | CP4: 42.634805 | CQ4: 95.64559 | CR4: 90.148802 | CS4: 100.85393 | CT4: 17.672909 | CU4: 13.507861 | CV4: 23.020384 | CW4: 33.372115 | CX4: 29.311477 | CY4: 37.495659 | CZ4: 9.0276573 | DA4: 6.4483394 | DB4: 11.889321 | DC4: 0.088283211 | DD4: 0.036041487 | DE4: 0.3095367 | DF4: 0.70995479 | DG4: 0.70995479 | DH4: 0.29004521 | DI4: 0.57127414 | DJ4: 0.44908039 | DK4: 57.43397 | DL4: 2.1244741 | DM4: 0.50815846 | DN4: 0.010661119 | DO4: 0.9 | DP4: 17.326203 | DQ4: 0.083879362 | DR4: -0.080194747 | DS4: 0 | DT4: 0 | DX4: 0.006 | DY4: 0.0068 | DZ4: 0.0051
A5: Permian_summer2021 | B5: 27.970658 | C5: 27.235759 | D5: 28.760886 | E5: 37.106306 | F5: 33.87838 | G5: 40.490546 | H5: 0 | I5: 0 | J5: 0 | K5: 65.076964 | L5: 61.82595 | M5: 68.604409 | N5: 33.87838 | O5: 40.490546 | P5: 45.081584 | Q5: 41.453676 | R5: 49.191029 | S5: 0 | T5: 20.435387 | U5: 130.59393 | V5: 121.72804 | W5: 139.72156 | X5: 1000 | Y5: 0.046598349 | Z5: 11.813408 | AA5: 68.187 | AB5: 5950.4297 | AC5: 19040 | AD5: 91907 | AE5: 1.8250769 | AF5: 416 | AG5: 360.585 | AH5: 296 | AI5: 124.71 | AJ5: 0 | AK5: 0 | AL5: 48.406044 | AM5: Yes | AN5: No | AO5: 20230328 | AP5: 50357 | AQ5: 4.8271664 | AR5: 0.45514928 | AS5: 0.021209205 | AT5: 0.0014735692 | AU5: 0.70526178 | AV5: 0.29473822 | AW5: 0 | AX5: 0.0047006114 | AY5: 0.0044292643 | AZ5: 0.0049923881 | BA5: 0.0062359036 | BB5: 0.0050440543 | BC5: 0.0074854689 | BD5: 0 | BE5: 0 | BF5: 0 | BG5: 0.010936515 | BH5: 0.010390166 | BI5: 0.01152932 | BJ5: 0.021946975 | BK5: -0.0014899593 | BL5: 0.001533944 | BM5: 0.020457016 | BN5: 0.023480919 | BO5: 0.0075761897 | BP5: 0.0069665013 | BQ5: 0.0082668028 | BR5: 0 | BS5: 0 | BT5: 0 | BU5: 0.0034342708 | BV5: 0.002816102 | BW5: 0.0040524395 | BX5: 0.01101046 | BY5: 0.0097826034 | BZ5: 0.012319242 | CA5: 0.0082610163 | CB5: 0.0071605735 | CC5: 0.80417693 | CD5: 10432 | CE5: 0.028374233 | CF5: 0.006549895 | CG5: 0.011954563 | CH5: 82.18789 | CI5: 78.559982 | CJ5: 86.297335 | CK5: 82.18789 | CL5: 78.559982 | CM5: 86.297335 | CN5: 48.406044 | CO5: 43.992776 | CP5: 52.874643 | CQ5: 82.806661 | CR5: 75.697858 | CS5: 90.314383 | CT5: 12.903725 | CU5: 11.509695 | CV5: 14.693035 | CW5: 25.157451 | CX5: 22.22628 | CY5: 28.530747 | CZ5: 7.0204076 | DA5: 5.5240477 | DB5: 8.7435956 | DC5: 0 | DD5: 0 | DE5: 0 | DF5: 0.62933819 | DG5: 0.62933819 | DH5: 0.37066181 | DI5: 0.50168381 | DJ5: 0.34520246 | DK5: 65.076964 | DL5: 1.8710164 | DM5: 0.57040162 | DN5: 0.010661119 | DO5: 0.9 | DP5: 17.326203 | DQ5: 0.069895233 | DR5: -0.067885611 | DS5: 0 | DT5: 0 | DX5: 0.006 | DY5: 0.0068 | DZ5: 0.0051
A6: Permian_fall2021 | B6: 30.311881 | C6: 29.522823 | D6: 31.02066 | E6: 35.308872 | F6: 31.630299 | G6: 38.974685 | H6: 0 | I6: 0 | J6: 0 | K6: 65.620754 | L6: 61.90244 | M6: 69.343708 | N6: 31.630299 | O6: 38.974685 | P6: 43.968884 | Q6: 39.066203 | R6: 49.17745 | S6: 0 | T6: 21.388092 | U6: 130.97773 | V6: 121.07967 | W6: 141.31724 | X6: 1000 | Y6: 0.05670148 | Z6: 23.348039 | AA6: 77.865 | AB6: 6227.8408 | AC6: 19670 | AD6: 94306 | AE6: 1.8250769 | AF6: 334 | AG6: 275.15 | AH6: 232 | AI6: 92.785 | AJ6: 0 | AK6: 0 | AL6: 51.699973 | AM6: Yes | AN6: No | AO6: 20230328 | AP6: 51672 | AQ6: 4.7946553 | AR6: 0.45668979 | AS6: 0.025894987 | AT6: 0.0017930582 | AU6: 0.70390981 | AV6: 0.29609019 | AW6: 0 | AX6: 0.0048671574 | AY6: 0.0045897292 | AZ6: 0.0051163595 | BA6: 0.0056695207 | BB6: 0.0043761573 | BC6: 0.0069583976 | BD6: 0 | BE6: 0 | BF6: 0 | BG6: 0.010536678 | BH6: 0.0099396311 | BI6: 0.01113447 | BJ6: 0.021031001 | BK6: -0.0015893245 | BL6: 0.0016602085 | BM6: 0.019441677 | BN6: 0.02269121 | BO6: 0.0070600527 | BP6: 0.0062728327 | BQ6: 0.0078963885 | BR6: 0 | BS6: 0 | BT6: 0 | BU6: 0.0034342708 | BV6: 0.002816102 | BW6: 0.0040524395 | BX6: 0.010494323 | BY6: 0.0090889347 | BZ6: 0.011948828 | CA6: 0.0064638489 | CB6: 0.0053249342 | CC6: 0.82560543 | CD6: 10777 | CE6: 0.021527327 | CF6: 0.0047170819 | CG6: 0.0086095388 | CH6: 79.277757 | CI6: 74.375076 | CJ6: 84.486323 | CK6: 79.277757 | CL6: 74.375076 | CM6: 84.486323 | CN6: 51.699973 | CO6: 47.061058 | CP6: 56.258608 | CQ6: 79.887014 | CR6: 71.821563 | CS6: 87.991379 | CT6: 6.8527874 | CU6: 6.0377973 | CV6: 7.6694456 | CW6: 27.253138 | CX6: 23.385949 | CY6: 31.538087 | CZ6: 9.8629588 | DA6: 7.3800637 | DB6: 12.806862 | DC6: 0 | DD6: 0 | DE6: 0 | DF6: 0.60527477 | DG6: 0.60527477 | DH6: 0.39472523 | DI6: 0.4989915 | DJ6: 0.33569476 | DK6: 65.620754 | DL6: 1.7873165 | DM6: 0.5778826 | DN6: 0.010661119 | DO6: 0.9 | DP6: 17.326203 | DQ6: 0.078945316 | DR6: -0.075576803 | DS6: 0 | DT6: 0 | DX6: 0.006 | DY6: 0.0068 | DZ6: 0.0051
A7: San_Joaquin_2016 | B7: 2.5759401 | C7: 2.4579689 | D7: 2.6996033 | E7: 2.3746385 | F7: 1.5859806 | G7: 3.2118143 | H7: 0 | I7: 0 | J7: 0 | K7: 4.9505785 | L7: 4.1643477 | M7: 5.8156382 | N7: 1.5859806 | O7: 3.2118143 | P7: 4.7719796 | Q7: 3.7142929 | R7: 6.1650359 | S7: 0 | T7: 1.1897866 | U7: 10.912345 | V7: 9.3412725 | W7: 12.709885 | X7: 1000 | Y7: 0.098709591 | Z7: 9 | AA7: 40.415 | AB7: 264.97396 | AC7: 41547 | AD7: 81234 | AE7: 1.7471737 | AF7: 77 | AG7: 69.132 | AH7: 40 | AI7: 15.074 | AJ7: 48 | AK7: 36 | AL7: 3.7657267 | AM7: Yes | AN7: No | AO7: 20230328 | AP7: 46494 | AQ7: 1.9552546 | AR7: 0.71515197 | AS7: 0.070592358 | AT7: 0.0031214714 | AU7: 0.75007171 | AV7: 0.24992829 | AW7: 0 | AX7: 0.009721484 | AY7: 0.0090989336 | AZ7: 0.010374072 | BA7: 0.0089617806 | BB7: 0.0047999242 | BC7: 0.013379673 | BD7: 0 | BE7: 0 | BF7: 0 | BG7: 0.018683265 | BH7: 0.015716064 | BI7: 0.021947962 | BJ7: 0.041182707 | BK7: -0.0059291569 | BL7: 0.0067838395 | BM7: 0.03525355 | BN7: 0.047966546 | BO7: 0.01800924 | BP7: 0.014017577 | BQ7: 0.023266573 | BR7: 0 | BS7: 0 | BT7: 0 | BU7: 0.004490202 | BV7: 0.0036819657 | BW7: 0.0052984384 | BX7: 0.022499442 | BY7: 0.017699543 | BZ7: 0.028565012 | CA7: 0.0016561277 | CB7: 0.0014869015 | CC7: 0.98852887 | CD7: 23779 | CE7: 0.0016821565 | CF7: 0.00036281801 | CG7: 0.00063392069 | CH7: 7.146618 | CI7: 6.0889314 | CJ7: 8.5396744 | CK7: 7.146618 | CL7: 6.0889314 | CM7: 8.5396744 | CN7: 3.7657267 | CO7: 3.4335939 | CP7: 4.1035515 | CQ7: 7.167857 | CR7: 6.0722207 | CS7: 8.3426882 | CT7: 1.8801136 | CU7: 1.2898468 | CV7: 2.4821492 | CW7: 0 | CX7: 0 | CY7: 0 | CZ7: 0.76830901 | DA7: 0.52142333 | DB7: 1.0600763 | DC7: 1.8020435 | DD7: 1.0162878 | DE7: 3.057949 | DF7: 0.65490953 | DG7: 0.65490953 | DH7: 0.34509047 | DI7: 0.54633458 | DJ7: 0.43730236 | DK7: 4.9505785 | DL7: 1.8998225 | DM7: 0.011143192 | DN7: 0.057351807 | DO7: 0.9 | DP7: 17.326203 | DQ7: 0.16471306 | DR7: -0.14396371 | DS7: 0 | DT7: 0 | DX7: 0.0512 | DY7: 0.0523 | DZ7: 0.0501
A8: San_Joaquin_2017 | B8: 2.6703882 | C8: 2.5766783 | D8: 2.7519744 | E8: 4.4668887 | F8: 3.7241194 | G8: 5.2793177 | H8: 0 | I8: 0 | J8: 0 | K8: 7.1372769 | L8: 6.3912522 | M8: 7.9535315 | N8: 3.7241194 | O8: 5.2793177 | P8: 7.4447858 | Q8: 6.2324804 | R8: 8.9789547 | S8: 0 | T8: 1.2427775 | U8: 15.82484 | V8: 14.093118 | W8: 17.838027 | X8: 1000 | Y8: 0.11924573 | Z8: 11 | AA8: 40.99 | AB8: 284.66581 | AC8: 40365 | AD8: 192459 | AE8: 1.7471737 | AF8: 86 | AG8: 80.173 | AH8: 54 | AI8: 15.945 | AJ8: 144 | AK8: 89 | AL8: 3.9131657 | AM8: Yes | AN8: No | AO8: 20230328 | AP8: 110154 | AQ8: 4.7679522 | AR8: 0.45796686 | AS8: 0.054610591 | AT8: 0.003770881 | AU8: 0.34370242 | AV8: 0.65629758 | AW8: 0 | AX8: 0.0093807831 | AY8: 0.0086619693 | AZ8: 0.0100066 | BA8: 0.015691693 | BB8: 0.0099941905 | BC8: 0.02192353 | BD8: 0 | BE8: 0 | BF8: 0 | BG8: 0.025072477 | BH8: 0.022451773 | BI8: 0.02793989 | BJ8: 0.05559094 | BK8: -0.0060833526 | BL8: 0.0070721074 | BM8: 0.049507588 | BN8: 0.062663048 | BO8: 0.026152722 | BP8: 0.021894025 | BQ8: 0.03154209 | BR8: 0 | BS8: 0 | BT8: 0 | BU8: 0.0043657419 | BV8: 0.0035799084 | BW8: 0.0051515755 | BX8: 0.030518464 | BY8: 0.025473933 | BZ8: 0.036693665 | CA8: 0.00078072517 | CB8: 0.0007278265 | CC8: 0.98053415 | CD8: 23103 | CE8: 0.0023373588 | CF8: 0.00039502044 | CG8: 0.00069017011 | CH8: 11.911675 | CI8: 10.699369 | CJ8: 13.445843 | CK8: 11.911675 | CL8: 10.699369 | CM8: 13.445843 | CN8: 3.9131657 | CO8: 3.5957558 | CP8: 4.2184518 | CQ8: 11.914754 | CR8: 10.294406 | CS8: 13.677368 | CT8: 2.4029565 | CU8: 1.7642831 | CV8: 3.2514504 | CW8: 0 | CX8: 0 | CY8: 0 | CZ8: 0.13845571 | DA8: 0.075047583 | DB8: 0.44879336 | DC8: 4.2590312 | DD8: 3.3091377 | DE8: 5.6232244 | DF8: 0.75271877 | DG8: 0.75271877 | DH8: 0.24728123 | DI8: 0.54898166 | DJ8: 0.47044781 | DK8: 7.1372769 | DL8: 2.6207325 | DM8: 0.012321595 | DN8: 0.054455461 | DO8: 0.9 | DP8: 17.326203 | DQ8: 0.12720407 | DR8: -0.10943445 | DS8: 0 | DT8: 0 | DX8: 0.0485 | DY8: 0.0496 | DZ8: 0.0474
A9: San_Joaquin_summer2020 | B9: 1.8137632 | C9: 1.7684535 | D9: 1.8701691 | E9: 3.8353497 | F9: 3.1684788 | G9: 4.645684 | H9: 0 | I9: 0 | J9: 0 | K9: 5.6491128 | L9: 4.9786474 | M9: 6.45781 | N9: 3.1684788 | O9: 4.645684 | P9: 4.1889557 | Q9: 3.5147838 | R9: 5.1391793 | S9: 0 | T9: 0.87037445 | U9: 10.708443 | V9: 9.5566091 | W9: 12.07745 | X9: 1000 | Y9: 0.14962666 | Z9: 23.632192 | AA9: 36.556644 | AB9: 231.42089 | AC9: 31919 | AD9: 238393 | AE9: 1.995878 | AF9: 94 | AG9: 90.462 | AH9: 39 | AI9: 13.337 | AJ9: 0 | AK9: 0 | AL9: 2.6841376 | AM9: Yes | AN9: No | AO9: 20230328 | AP9: 119442 | AQ9: 7.4688594 | AR9: 0.3659088 | AS9: 0.054749711 | AT9: 0.0047316104 | AU9: 0.25471912 | AV9: 0.74528088 | AW9: 0 | AX9: 0.0078375085 | AY9: 0.0073024323 | AZ9: 0.0085036243 | BA9: 0.016573049 | BB9: 0.0086977631 | BC9: 0.02614254 | BD9: 0 | BE9: 0 | BF9: 0 | BG9: 0.024410557 | BH9: 0.021513388 | BI9: 0.027905044 | BJ9: 0.046272587 | BK9: -0.0049772253 | BL9: 0.0059156607 | BM9: 0.041295361 | BN9: 0.052188247 | BO9: 0.018101027 | BP9: 0.015187842 | BQ9: 0.022207068 | BR9: 0 | BS9: 0 | BT9: 0 | BU9: 0.0037610021 | BV9: 0.0030840217 | BW9: 0.0044379825 | BX9: 0.021862029 | BY9: 0.018271864 | BZ9: 0.02664505 | CA9: 0.00078699285 | CB9: 0.00075737178 | CC9: 0.9836107 | CD9: 15992 | CE9: 0.0024387194 | CF9: 0.0004178389 | CG9: 0.00083397949 | CH9: 8.0243054 | CI9: 7.3501335 | CJ9: 8.974529 | CK9: 8.0243054 | CL9: 7.3501335 | CM9: 8.974529 | CN9: 2.6841376 | CO9: 2.4821605 | CP9: 2.897211 | CQ9: 8.0265417 | CR9: 6.2056205 | CS9: 10.237035 | CT9: 3.570701 | CU9: 2.9721721 | CV9: 4.2543052 | CW9: 0.52539665 | CX9: 0.34291688 | CY9: 1.2972067 | CZ9: 0.01867589 | DA9: 0.011462354 | DB9: 0.075036913 | DC9: 0.074182202 | DD9: 0.047038281 | DE9: 0.23743176 | DF9: 0.74933357 | DG9: 0.74933357 | DH9: 0.25066643 | DI9: 0.47245103 | DJ9: 0.39116881 | DK9: 5.6491128 | DL9: 3.0636929 | DM9: 0.014471041 | DN9: 0.061625508 | DO9: 0.9 | DP9: 17.326203 | DQ9: 0.12785159 | DR9: -0.10756282 | DS9: 0 | DT9: 0 | DX9: 0.0565 | DY9: 0.0574 | DZ9: 0.0555
A10: San_Joaquin_fall2020 | B10: 1.8878621 | C10: 1.8370948 | D10: 1.941767 | E10: 2.5737452 | F10: 1.9474368 | G10: 3.4763426 | H10: 0 | I10: 0 | J10: 0 | K10: 4.4616073 | L10: 3.8333958 | M10: 5.3713353 | N10: 1.9474368 | O10: 3.4763426 | P10: 3.7938049 | Q10: 2.9650902 | R10: 4.9503656 | S10: 0 | T10: 0.92232287 | U10: 9.177735 | V10: 7.8798002 | W10: 10.67418 | X10: 1000 | Y10: 0.19641561 | Z10: 20.646402 | AA10: 37.591104 | AB10: 245.23328 | AC10: 33090 | AD10: 238974 | AE10: 1.995878 | AF10: 48 | AG10: 45.261 | AH10: 27 | AI10: 8.067 | AJ10: 0 | AK10: 0 | AL10: 2.810185 | AM10: Yes | AN10: No | AO10: 20230328 | AP10: 119733 | AQ10: 7.2219675 | AR10: 0.37211076 | AS10: 0.073088364 | AT10: 0.0062112071 | AU10: 0.44663385 | AV10: 0.55336615 | AW10: 0 | AX10: 0.0076982298 | AY10: 0.0071418996 | AZ10: 0.0082889431 | BA10: 0.010495089 | BB10: 0.0036317326 | BC10: 0.020386141 | BD10: 0 | BE10: 0 | BF10: 0 | BG10: 0.018193319 | BH10: 0.01563163 | BI10: 0.021902963 | BJ10: 0.037424509 | BK10: -0.0052926536 | BL10: 0.0061021268 | BM10: 0.032131856 | BN10: 0.043526636 | BO10: 0.015470188 | BP10: 0.012090897 | BQ10: 0.020186353 | BR10: 0 | BS10: 0 | BT10: 0 | BU10: 0.0037610021 | BV10: 0.0030840217 | BW10: 0.0044379825 | BX10: 0.01923119 | BY10: 0.015174919 | BZ10: 0.024624336 | CA10: 0.00040089198 | CB10: 0.00037801609 | CC10: 0.98378097 | CD10: 16579 | CE10: 0.0016285663 | CF10: 0.00024378966 | CG10: 0.00048657941 | CH10: 6.36755 | CI10: 5.5388354 | CJ10: 7.5241107 | CK10: 6.36755 | CL10: 5.5388354 | CM10: 7.5241107 | CN10: 2.810185 | CO10: 2.5933995 | CP10: 3.030108 | CQ10: 6.3643979 | CR10: 4.6697632 | CS10: 8.7994818 | CT10: 2.8943582 | CU10: 2.2094105 | CV10: 3.8017291 | CW10: 0.6748833 | CX10: 0.42375196 | CY10: 1.5724615 | CZ10: 0.22456333 | DA10: 0.15450208 | DB10: 0.28627927 | DC10: 0 | DD10: 0 | DE10: 0 | DF10: 0.69379041 | DG10: 0.69379041 | DH10: 0.30620959 | DI10: 0.51385383 | DJ10: 0.41335314 | DK10: 4.4616073 | DL10: 2.3250252 | DM10: 0.014791801 | DN10: 0.061625508 | DO10: 0.9 | DP10: 17.326203 | DQ10: 0.163021 | DR10: -0.14142859 | DS10: 0 | DT10: 0 | DX10: 0.0565 | DY10: 0.0574 | DZ10: 0.0555
A11: San_Joaquin_fall2021 | B11: 1.7279457 | C11: 1.666497 | D11: 1.7912582 | E11: 1.7547684 | F11: 1.2914509 | G11: 2.3126099 | H11: 0 | I11: 0 | J11: 0 | K11: 3.4827141 | L11: 3.0250833 | M11: 4.0385923 | N11: 1.2914509 | O11: 2.3126099 | P11: 0.79395397 | Q11: 0.55990172 | R11: 1.0641179 | S11: 0 | T11: 0.74474802 | U11: 5.0214161 | V11: 4.3764156 | W11: 5.7468923 | X11: 1000 | Y11: 0.11142142 | Z11: 15.95883 | AA11: 23.223 | AB11: 198.01851 | AC11: 33418 | AD11: 119340 | AE11: 1.995878 | AF11: 47 | AG11: 41.14 | AH11: 35 | AI11: 15.716 | AJ11: 0 | AK11: 0 | AL11: 2.4726937 | AM11: Yes | AN11: No | AO11: 20230328 | AP11: 59793 | AQ11: 3.5712238 | AR11: 0.52916543 | AS11: 0.058960365 | AT11: 0.0035234547 | AU11: 0.42546891 | AV11: 0.57453109 | AW11: 0 | AX11: 0.0087261829 | AY11: 0.0081397538 | AZ11: 0.009330399 | BA11: 0.0088616383 | BB11: 0.0044400181 | BC11: 0.014185338 | BD11: 0 | BE11: 0 | BF11: 0 | BG11: 0.017587821 | BH11: 0.015276771 | BI11: 0.020395025 | BJ11: 0.025358317 | BK11: -0.0032572739 | BL11: 0.003663679 | BM11: 0.022101043 | BN11: 0.029021996 | BO11: 0.0040094938 | BP11: 0.0028275222 | BQ11: 0.0053738307 | BR11: 0 | BS11: 0 | BT11: 0 | BU11: 0.0037610021 | BV11: 0.0030840217 | BW11: 0.0044379825 | BX11: 0.0077704959 | BY11: 0.005911544 | BZ11: 0.0098118133 | CA11: 0.00078604519 | CB11: 0.00068804041 | CC11: 0.96072198 | CD11: 16743 | CE11: 0.0020904258 | CF11: 0.00047028547 | CG11: 0.00093866093 | CH11: 2.5487223 | CI11: 2.3146701 | CJ11: 2.8188863 | CK11: 2.5487223 | CL11: 2.3146701 | CM11: 2.8188863 | CN11: 2.4726937 | CO11: 2.2771904 | CP11: 2.6700609 | CQ11: 2.5597313 | CR11: 1.6740932 | CS11: 3.6189042 | CT11: 0.53770521 | CU11: 0.36721408 | CV11: 0.75176112 | CW11: 0.25624876 | CX11: 0.12427099 | CY11: 0.4367343 | CZ11: 0 | DA11: 0 | DB11: 0 | DC11: 0 | DD11: 0 | DE11: 0 | DF11: 0.50756012 | DG11: 0.50756012 | DH11: 0.49243988 | DI11: 0.30642374 | DJ11: 0.15810584 | DK11: 3.4827141 | DL11: 1.936358 | DM11: 0.011826943 | DN11: 0.061625508 | DO11: 0.9 | DP11: 17.326203 | DQ11: 0.14446356 | DR11: -0.12844561 | DS11: 0 | DT11: 0 | DX11: 0.0565 | DY11: 0.0574 | DZ11: 0.0555
A12: Denver_summer2021 | B12: 12.232833 | C12: 11.960012 | D12: 12.51506 | E12: 2.3047932 | F12: 1.6525682 | G12: 3.0979952 | H12: 0 | I12: 0 | J12: 0 | K12: 14.537626 | L12: 13.816908 | M12: 15.398868 | N12: 1.6525682 | O12: 3.0979952 | P12: 0.71351519 | Q12: 0.47193469 | R12: 1.0533051 | S12: 0 | T12: 6.246524 | U12: 21.497665 | V12: 19.584265 | W12: 23.515509 | X12: 1000 | Y12: 0.047402712 | Z12: 11.102345 | AA12: 75.042 | AB12: 1997.3945 | AC12: 11671 | AD12: 59356 | AE12: 1.6088026 | AF12: 34 | AG12: 27.151 | AH12: 27 | AI12: 8.491 | AJ12: 0 | AK12: 0 | AL12: 18.479357 | AM12: Yes | AN12: No | AO12: 20230328 | AP12: 36894 | AQ12: 5.0860215 | AR12: 0.44341553 | AS12: 0.021019099 | AT12: 0.0014990054 | AU12: 0.89945091 | AV12: 0.10054909 | AW12: 0 | AX12: 0.006124395 | AY12: 0.0058163584 | AZ12: 0.0064430522 | BA12: 0.0011538998 | BB12: 0.00041748479 | BC12: 0.0020494894 | BD12: 0 | BE12: 0 | BF12: 0 | BG12: 0.0072782948 | BH12: 0.0069174656 | BI12: 0.0077094773 | BJ12: 0.010762854 | BK12: -0.00095794812 | BL12: 0.001010238 | BM12: 0.0098049058 | BN12: 0.011773092 | BO12: 0.00035722297 | BP12: 0.00023627515 | BQ12: 0.00052733954 | BR12: 0 | BS12: 0 | BT12: 0 | BU12: 0.0031273362 | BV12: 0.0025644157 | BW12: 0.0036902567 | BX12: 0.0034845591 | BY12: 0.0028006908 | BZ12: 0.0042175962 | CA12: 0.00092155906 | CB12: 0.00073591912 | CC12: 0.97703263 | CD12: 7254 | CE12: 0.0037220844 | CF12: 0.00072752977 | CG12: 0.0011705266 | CH12: 3.0183084 | CI12: 2.7767279 | CJ12: 3.3580982 | CK12: 3.0183084 | CL12: 2.7767279 | CM12: 3.3580982 | CN12: 18.479357 | CO12: 17.082162 | CP12: 19.885958 | CQ12: 3.063132 | CR12: 1.5951947 | CS12: 4.8604373 | CT12: 0.21942916 | CU12: 0.1252747 | CV12: 0.40408769 | CW12: 0.25155834 | CX12: 0.13947767 | CY12: 0.45244345 | CZ12: 0.24252769 | DA12: 0.13470518 | DB12: 0.51540879 | DC12: 0 | DD12: 0 | DE12: 0 | DF12: 0.1403988 | DG12: 0.1403988 | DH12: 0.8596012 | DI12: 0.32376 | DJ12: 0.03319053 | DK12: 14.537626 | DL12: 1.161116 | DM12: 0.27535077 | DN12: 0.0097082922 | DO12: 0.9 | DP12: 17.326203 | DQ12: 0.093858945 | DR12: -0.089003162 | DS12: 0 | DT12: 0 | DX12: 0.0054 | DY12: 0.0062 | DZ12: 0.0047
A13: Denver_fall2021 | B13: 12.319771 | C13: 12.061479 | D13: 12.593345 | E13: 2.306704 | F13: 1.5837147 | G13: 3.1750613 | H13: 0 | I13: 0 | J13: 0 | K13: 14.626475 | L13: 13.84779 | M13: 15.537186 | N13: 1.5837147 | O13: 3.1750613 | P13: 2.332878 | Q13: 1.5725196 | R13: 4.098675 | S13: 0 | T13: 6.1693766 | U13: 23.12873 | V13: 20.796505 | W13: 26.224278 | X13: 1000 | Y13: 0.089035172 | Z13: 10.160213 | AA13: 66.55 | AB13: 1972.7258 | AC13: 11688 | AD13: 67811 | AE13: 1.6088026 | AF13: 40 | AG13: 31.592 | AH13: 33 | AI13: 8.473 | AJ13: 0 | AK13: 0 | AL13: 18.489148 | AM13: Yes | AN13: No | AO13: 20230328 | AP13: 42149 | AQ13: 5.8016518 | AR13: 0.41516829 | AS13: 0.03696458 | AT13: 0.0028155394 | AU13: 0.87637878 | AV13: 0.12362122 | AW13: 0 | AX13: 0.0062450501 | AY13: 0.0059296804 | AZ13: 0.0065790786 | BA13: 0.0011692979 | BB13: 0.00028654123 | BC13: 0.0022295461 | BD13: 0 | BE13: 0 | BF13: 0 | BG13: 0.007414348 | BH13: 0.0070196222 | BI13: 0.0078759988 | BJ13: 0.01172425 | BK13: -0.0011822349 | BL13: 0.0015691728 | BM13: 0.010542015 | BN13: 0.013293423 | BO13: 0.0011825658 | BP13: 0.00079713036 | BQ13: 0.0020776709 | BR13: 0 | BS13: 0 | BT13: 0 | BU13: 0.0031273362 | BV13: 0.0025644157 | BW13: 0.0036902567 | BX13: 0.004309902 | BY13: 0.003361546 | BZ13: 0.0057679276 | CA13: 0.00094901421 | CB13: 0.00074953142 | CC13: 0.97363305 | CD13: 7265 | CE13: 0.0045423262 | CF13: 0.00072493155 | CG13: 0.0011662767 | CH13: 4.639582 | CI13: 3.8792236 | CJ13: 6.405379 | CK13: 4.639582 | CL13: 3.8792236 | CM13: 6.405379 | CN13: 18.489148 | CO13: 17.120368 | CP13: 19.873209 | CQ13: 4.7008626 | CR13: 2.9447912 | CS13: 6.8126629 | CT13: 1.1640808 | CU13: 0.68079136 | CV13: 2.8266944 | CW13: 0.74421681 | CX13: 0.51435544 | CY13: 1.0647944 | CZ13: 0.42458042 | DA13: 0.24874888 | DB13: 0.70625726 | DC13: 0 | DD13: 0 | DE13: 0 | DF13: 0.20059553 | DG13: 0.20059553 | DH13: 0.79940447 | DI13: 0.36760607 | DJ13: 0.10086374 | DK13: 14.626475 | DL13: 1.1559367 | DM13: 0.2715383 | DN13: 0.0097082922 | DO13: 0.9 | DP13: 17.326203 | DQ13: 0.13383552 | DR13: -0.1008379 | DS13: 0 | DT13: 0 | DX13: 0.0054 | DY13: 0.0062 | DZ13: 0.0047
... A15: Uinta_2020 | B15: 10.546107 | C15: 10.285607 | D15: 10.815668 | E15: 5.8726323 | F15: 4.7375277 | G15: 7.0345028 | H15: 0 | I15: 0 | J15: 0 | K15: 16.418739 | L15: 15.274613 | M15: 17.584309 | N15: 4.7375277 | O15: 7.0345028 | P15: 2.3677981 | Q15: 1.7530518 | R15: 3.2232782 | S15: 0 | T15: 1.3191311 | U15: 20.105669 | V15: 18.449824 | W15: 21.724096 | X15: 1000 | Y15: 0.070991531 | Z15: 8.3545392 | AA15: 52.98 | AB15: 350.73927 | AC15: 9185 | AD15: 32340 | AE15: 1.7099474 | AF15: 56 | AG15: 41.13 | AH15: 42 | AI15: 24.905 | AJ15: 0 | AK15: 0 | AL15: 11.865238 | AM15: Yes | AN15: No | AO15: 20230328 | AP15: 18912 | AQ15: 3.521132 | AR15: 0.53291611 | AS15: 0.03783253 | AT15: 0.0022449493 | AU15: 0.70703016 | AV15: 0.29296984 | AW15: 0 | AX15: 0.030068225 | AY15: 0.028674538 | AZ15: 0.031510386 | BA15: 0.016743584 | BB15: 0.010670732 | BC15: 0.022959633 | BD15: 0 | BE15: 0 | BF15: 0 | BG15: 0.046811809 | BH15: 0.043549767 | BI15: 0.050134987 | BJ15: 0.057323689 | BK15: -0.0047210145 | BL15: 0.004614333 | BM15: 0.052602674 | BN15: 0.061938022 | BO15: 0.0067508782 | BP15: 0.0049981624 | BQ15: 0.0091899554 | BR15: 0 | BS15: 0 | BT15: 0 | BU15: 0.0037610021 | BV15: 0.0030840217 | BW15: 0.0044379825 | BX15: 0.01051188 | BY15: 0.0080821841 | BZ15: 0.013627938 | CA15: 0.0029610829 | CB15: 0.0021748096 | CC15: 0.9481536 | CD15: 5371 | CE15: 0.0078197729 | CF15: 0.0027114861 | CG15: 0.0046369391 | CH15: 8.2404304 | CI15: 7.6256842 | CJ15: 9.0959106 | CK15: 8.2404304 | CL15: 7.6256842 | CM15: 9.0959106 | CN15: 11.865238 | CO15: 11.367294 | CP15: 12.372243 | CQ15: 8.3755421 | CR15: 6.2608101 | CS15: 10.581536 | CT15: 1.809119 | CU15: 1.3290974 | CV15: 2.4350056 | CW15: 0.2653703 | CX15: 0.17108015 | CY15: 0.41351091 | CZ15: 0.29330879 | DA15: 0.13699981 | DB15: 0.87323479 | DC15: 0 | DD15: 0 | DE15: 0 | DF15: 0.409853 | DG15: 0.409853 | DH15: 0.590147 | DI15: 0.18337649 | DJ15: 0.11776603 | DK15: 16.418739 | DL15: 1.4761386 | DM15: 0.065302414 | DN15: 0.024005542 | DO15: 0.9 | DP15: 17.326203 | DQ15: 0.08050515 | DR15: -0.082370586 | DS15: 0 | DT15: 0 | DX15: 0.0189 | DY15: 0.0198 | DZ15: 0.0179
A16: Fort_Worth_2021 | B16: 3.5016955 | C16: 3.2833694 | D16: 3.7428101 | E16: 15.138765 | F16: 13.030171 | G16: 17.581124 | H16: 0.75265304 | I16: 0.52351724 | J16: 1.0772285 | K16: 19.393114 | L16: 17.218757 | M16: 21.850881 | N16: 13.030171 | O16: 17.581124 | P16: 2.5528017 | Q16: 2.1109539 | R16: 3.0565756 | S16: 1.6072708 | T16: 2.186488 | U16: 25.739674 | V16: 23.080581 | W16: 28.645476 | X16: 1000 | Y16: 0.065015162 | Z16: 10.889258 | AA16: 55.886 | AB16: 636.66735 | AC16: 7474 | AD16: 12982 | AE16: 1.6224651 | AF16: 80 | AG16: 80 | AH16: 49 | AI16: 40.006 | AJ16: 49 | AK16: 23 | AL16: 5.6881835 | AM16: Yes | AN16: No | AO16: 20230328 | AP16: 8001 | AQ16: 1.7370821 | AR16: 0.7587345 | AS16: 0.049329247 | AT16: 0.00205596 | AU16: 0.15345486 | AV16: 0.83086326 | AW16: 0.015681874 | AX16: 0.0055000393 | AY16: 0.0050480761 | AZ16: 0.005999178 | BA16: 0.02377814 | BB16: 0.019413076 | BC16: 0.02883414 | BD16: 0.0011821763 | BE16: 0.00070783542 | BF16: 0.0018540895 | BG16: 0.030460355 | BH16: 0.02704514 | BI16: 0.034320719 | BJ16: 0.040428764 | BK16: -0.0041765812 | BL16: 0.0045640813 | BM16: 0.036252183 | BN16: 0.044992846 | BO16: 0.0040096319 | BP16: 0.0033156308 | BQ16: 0.004800899 | BR16: 0.0025245064 | BS16: 0.0019803151 | BT16: 0.0031013627 | BU16: 0.0034342708 | BV16: 0.002816102 | BW16: 0.0040524395 | BX16: 0.009968409 | BY16: 0.0083660291 | BZ16: 0.011602155 | CA16: 0.0099987502 | CB16: 0.0099987502 | CC16: 0.98912832 | CD16: 4606 | CE16: 0.010638298 | CF16: 0.0053526893 | CG16: 0.0086856274 | CH16: 17.691567 | CI16: 17.249719 | CJ16: 18.195341 | CK16: 19.298838 | CL16: 18.510521 | CM16: 20.169877 | CN16: 5.6881835 | CO16: 5.0762896 | CP16: 6.322866 | CQ16: 17.72156 | CR16: 14.944751 | CS16: 20.94021 | CT16: 1.0166129 | CU16: 0.81235059 | CV16: 1.2215896 | CW16: 0.94529093 | CX16: 0.63345602 | CY16: 1.323353 | CZ16: 0.59089787 | DA16: 0.34228087 | DB16: 0.83922829 | DC16: Null | DD16: Null | DE16: Null | DF16: 0.68732508 | DG16: 0.74976836 | DH16: 0.22099088 | DI16: 0.24656858 | DJ16: 0.099178231 | DK16: 19.393114 | DL16: 5.4781952 | DM16: 0.13822565 | DN16: 0.010661119 | DO16: 0.9 | DP16: 17.326203 | DQ16: 0.11288133 | DR16: -0.10329695 | DS16: 0.029240759 | DT16: 0.06007805 | DX16: 0.006 | DY16: 0.0068 | DZ16: 0.0051
A17: Permian_2019_F2021_bounds | B17: 22.148702 | C17: 21.735113 | D17: 22.645529 | E17: 104.3653 | F17: 99.447983 | G17: 110.04035 | H17: 0 | I17: 0 | J17: 0 | K17: 126.51401 | L17: 121.56414 | M17: 132.25819 | N17: 99.447983 | O17: 110.04035 | P17: 75.485924 | Q17: 68.82265 | R17: 83.688109 | S17: 0 | T17: 17.29491 | U17: 219.29484 | V17: 207.36829 | W17: 232.04808 | X17: 1000 | Y17: 0.066200513 | Z17: 16.353134 | AA17: 58.47 | AB17: 4755.8021 | AC17: 17164 | AD17: 152653 | AE17: 1.8250769 | AF17: 1052 | AG17: 998.006 | AH17: 540 | AI17: 166.933 | AJ17: 681 | AK17: 278 | AL17: 39.443612 | AM17: Yes | AN17: No | AO17: 20230328 | AP17: 83641 | AQ17: 8.894194 | AR17: 0.33531015 | AS17: 0.022197704 | AT17: 0.002093444 | AU17: 0.34217279 | AV17: 0.65782721 | AW17: 0 | AX17: 0.0046571958 | AY17: 0.0043978385 | AZ17: 0.0049687511 | BA17: 0.021944837 | BB17: 0.018861237 | BC17: 0.025503598 | BD17: 0 | BE17: 0 | BF17: 0 | BG17: 0.026602033 | BH17: 0.025561228 | BI17: 0.027809861 | BJ17: 0.04611101 | BK17: -0.0025077886 | BL17: 0.0026816161 | BM17: 0.043603221 | BN17: 0.048792626 | BO17: 0.015872385 | BP17: 0.014471302 | BQ17: 0.017597054 | BR17: 0 | BS17: 0 | BT17: 0 | BU17: 0.0036365916 | BV17: 0.0029820052 | BW17: 0.0042911781 | BX17: 0.019508977 | BY17: 0.017453307 | BZ17: 0.021888232 | CA17: 0.012577564 | CB17: 0.011932019 | CC17: 0.77723967 | CD17: 9404 | CE17: 0.057422373 | CF17: 0.0097257632 | CG17: 0.017751276 | CH17: 179.85123 | CI17: 173.18795 | CJ17: 188.05341 | CK17: 179.85123 | CL17: 173.18795 | CM17: 188.05341 | CN17: 39.443612 | CO17: 35.916939 | CP17: 43.053523 | CQ17: 179.92729 | CR17: 165.2598 | CS17: 196.87586 | CT17: 22.333899 | CU17: 20.041045 | CV17: 24.937251 | CW17: 34.922741 | CX17: 31.38451 | CY17: 39.550834 | CZ17: 18.229284 | DA17: 13.569312 | DB17: 24.782488 | DC17: 0 | DD17: 0 | DE17: 0 | DF17: 0.82013382 | DG17: 0.82013382 | DH17: 0.17986618 | DI17: 0.42308642 | DJ17: 0.34422003 | DK17: 126.51401 | DL17: 4.4396245 | DM17: 0.5057212 | DN17: 0.011491852 | DO17: 0.9 | DP17: 17.326203 | DQ17: 0.058154851 | DR17: -0.054391392 | DS17: 0 | DT17: 0 | DX17: 0.006 | DY17: 0.0068 | DZ17: 0.0051
A18: Permian_2019_F2021_bounds_Delaware | B18: 13.618146 | C18: 13.368396 | D18: 13.906352 | E18: 57.866334 | F18: 54.50886 | G18: 61.619504 | H18: 0 | I18: 0 | J18: 0 | K18: 71.484479 | L18: 68.148976 | M18: 75.257285 | N18: 54.50886 | O18: 61.619504 | P18: 37.214472 | Q18: 34.109332 | R18: 41.35431 | S18: 0 | T18: 13.139793 | U18: 121.83874 | V18: 114.57394 | W18: 129.61674 | X18: 1000 | Y18: 0.079024395 | Z18: 16.353134 | AA18: 53.834 | AB18: 3613.2165 | AC18: 7955 | AD18: 100870 | AE18: 1.8250769 | AF18: 922 | AG18: 875.148 | AH18: 447 | AI18: 117.859 | AJ18: 558 | AK18: 202 | AL18: 26.757939 | AM18: Yes | AN18: No | AO18: 20230328 | AP18: 55268 | AQ18: 12.681964 | AR18: 0.28080623 | AS18: 0.022190542 | AT18: 0.0024989708 | AU18: 0.39189647 | AV18: 0.60810353 | AW18: 0 | AX18: 0.0037689814 | AY18: 0.003522829 | AZ18: 0.0040530367 | BA18: 0.016015186 | BB18: 0.012706071 | BC18: 0.019714298 | BD18: 0 | BE18: 0 | BF18: 0 | BG18: 0.019784167 | BH18: 0.018861028 | BI18: 0.020828335 | BJ18: 0.0337203 | BK18: -0.0020106208 | BL18: 0.0021526514 | BM18: 0.031709679 | BN18: 0.035872951 | BO18: 0.010299541 | BP18: 0.0094401571 | BQ18: 0.01144529 | BR18: 0 | BS18: 0 | BT18: 0 | BU18: 0.0036365916 | BV18: 0.0029820052 | BW18: 0.0042911781 | BX18: 0.013936133 | BY18: 0.012422162 | BZ18: 0.015736468 | CA18: 0.016682348 | CB18: 0.015834624 | CC18: 0.72979374 | CD18: 4358 | CE18: 0.10256999 | CF18: 0.014815713 | CG18: 0.027044286 | CH18: 95.080806 | CI18: 91.975665 | CJ18: 99.220643 | CK18: 95.080806 | CL18: 91.975665 | CM18: 99.220643 | CN18: 26.757939 | CO18: 24.143026 | CP18: 29.411308 | CQ18: 95.140759 | CR18: 83.076043 | CS18: 108.50894 | CT18: 9.544423 | CU18: 8.0163724 | CV18: 11.521331 | CW18: 24.126113 | CX18: 22.06504 | CY18: 26.915883 | CZ18: 3.5439364 | DA18: 2.6744617 | DB18: 6.8036968 | DC18: 0 | DD18: 0 | DE18: 0 | DF18: 0.78038188 | DG18: 0.78038188 | DH18: 0.21961812 | DI18: 0.41328555 | DJ18: 0.30543943 | DK18: 71.484479 | DL18: 3.8309006 | DM18: 0.8290997 | DN18: 0.011491852 | DO18: 0.9 | DP18: 17.326203 | DQ18: 0.063840824 | DR18: -0.059625543 | DS18: 0 | DT18: 0 | DX18: 0.006 | DY18: 0.0068 | DZ18: 0.0051
A19: Permian_2019_F2021_Midland | B19: 8.943957 | C19: 8.5812303 | D19: 9.3585013 | E19: 46.320256 | F19: 42.849983 | G19: 50.10698 | H19: 0 | I19: 0 | J19: 0 | K19: 55.264213 | L19: 51.75283 | M19: 59.060329 | N19: 42.849983 | O19: 50.10698 | P19: 38.320203 | Q19: 31.78791 | R19: 47.375104 | S19: 0 | T19: 4.1551174 | U19: 97.739534 | V19: 89.163126 | W19: 107.897 | X19: 1000 | Y19: 0.11291444 | Z19: 16.353134 | AA19: 109.707 | AB19: 1142.5856 | AC19: 9209 | AD19: 51783 | AE19: 1.8250769 | AF19: 130 | AG19: 124.363 | AH19: 93 | AI19: 49.05 | AJ19: 123 | AK19: 76 | AL19: 13.099074 | AM19: Yes | AN19: No | AO19: 20230328 | AP19: 28373 | AQ19: 5.6239841 | AR19: 0.4216751 | AS19: 0.047613209 | AT19: 0.0035706682 | AU19: 0.2402536 | AV19: 0.7597464 | AW19: 0 | AX19: 0.007827822 | AY19: 0.0070749645 | AZ19: 0.0086882296 | BA19: 0.040539855 | BB19: 0.03333713 | BC19: 0.048399393 | BD19: 0 | BE19: 0 | BF19: 0 | BG19: 0.048367677 | BH19: 0.045294487 | BI19: 0.051690068 | BJ19: 0.085542415 | BK19: -0.0075061397 | BL19: 0.0088898957 | BM19: 0.078036275 | BN19: 0.09443231 | BO19: 0.033538146 | BP19: 0.027821031 | BQ19: 0.041463067 | BR19: 0 | BS19: 0 | BT19: 0 | BU19: 0.0036365916 | BV19: 0.0029820052 | BW19: 0.0042911781 | BX19: 0.037174737 | BY19: 0.030803036 | BZ19: 0.045754245 | CA19: 0.0045818207 | CB19: 0.0043831459 | CC19: 0.92333209 | CD19: 5045 | CE19: 0.018434093 | CF19: 0.0053263112 | CG19: 0.0097224975 | CH19: 84.640459 | CI19: 78.108166 | CJ19: 93.69536 | CK19: 84.640459 | CL19: 78.108166 | CM19: 93.69536 | CN19: 13.099074 | CO19: 11.988427 | CP19: 14.26154 | CQ19: 84.692902 | CR19: 76.434283 | CS19: 93.697522 | CT19: 12.806178 | CU19: 11.355719 | CV19: 14.288722 | CW19: 10.881274 | CX19: 8.2420504 | CY19: 15.634552 | CZ19: 14.632752 | DA19: 9.5841244 | DB19: 22.283186 | DC19: 0 | DD19: 0 | DE19: 0 | DF19: 0.86597895 | DG19: 0.86597895 | DH19: 0.13402105 | DI19: 0.43457483 | DJ19: 0.39206235 | DK19: 55.264213 | DL19: 5.705342 | DM19: 0.22647882 | DN19: 0.011491852 | DO19: 0.9 | DP19: 17.326203 | DQ19: 0.10391132 | DR19: -0.087738922 | DS19: 0 | DT19: 0 | DX19: 0.006 | DY19: 0.0068 | DZ19: 0.0051
A20: Northeast_Pennsylvania_2021 | B20: 1.1107842 | C20: 0.98236924 | D20: 1.2763473 | E20: 19.430811 | F20: 15.450309 | G20: 22.976908 | H20: 0 | I20: 0 | J20: 0 | K20: 20.541595 | L20: 16.581193 | M20: 24.063487 | N20: 15.450309 | O20: 22.976908 | P20: 8.3888537 | Q20: 5.8558225 | R20: 11.146641 | S20: 0 | T20: 9.0260916 | U20: 37.956541 | V20: 31.826936 | W20: 43.92599 | X20: 1000 | Y20: 0.073058183 | Z20: 495.44526 | AA20: 495.44526 | AB20: 5095.6288 | AC20: 2996 | AD20: 4039 | AE20: 1.2580446 | AF20: 12 | AG20: 11 | AH20: 12 | AI20: 11.47 | AJ20: 4 | AK20: 4 | AL20: 10.136876 | AM20: Yes | AN20: No | AO20: 20230328 | AP20: 3210 | AQ20: 1.348173 | AR20: 0.86124593 | AS20: 0.062921063 | AT20: 0.0023103026 | AU20: 0.020145114 | AV20: 0.97985489 | AW20: 0 | AX20: 0.00021798767 | AY20: 0.00018872656 | AZ20: 0.00025571346 | BA20: 0.0038132313 | BB20: 0.0029062196 | BC20: 0.0046212579 | BD20: 0 | BE20: 0 | BF20: 0 | BG20: 0.004031219 | BH20: 0.0032540034 | BI20: 0.0047223782 | BJ20: 0.0074488433 | BK20: -0.0012029143 | BL20: 0.0011714843 | BM20: 0.0062459291 | BN20: 0.0086203276 | BO20: 0.0016462843 | BP20: 0.0011491855 | BQ20: 0.0021874909 | BR20: 0 | BS20: 0 | BT20: 0 | BU20: 0.0017713401 | BV20: 0.0014524989 | BW20: 0.0020901813 | BX20: 0.0034176244 | BY20: 0.0026016843 | BZ20: 0.0042776722 | CA20: 0.0037383178 | CB20: 0.0034267913 | CC20: 1 | CD20: 2381 | CE20: 0.0050398992 | CF20: 0.0038284379 | CG20: 0.0048173037 | CH20: 27.819665 | CI20: 25.286634 | CJ20: 30.577453 | CK20: 27.819665 | CL20: 25.286634 | CM20: 30.577453 | CN20: 10.136876 | CO20: 8.3837643 | CP20: 11.927135 | CQ20: 28.133483 | CR20: 23.695833 | CS20: 32.175263 | CT20: 1.3883667 | CU20: 0.41255719 | CV20: 2.548771 | CW20: 6.9026293 | CX20: 4.7297497 | CY20: 9.3505775 | CZ20: 0.09785773 | DA20: 0.013578159 | DB20: 0.39998094 | DC20: 0 | DD20: 0 | DE20: 0 | DF20: 0.73293438 | DG20: 0.73293438 | DH20: 0.26706562 | DI20: 0.45881195 | DJ20: 0.22101087 | DK20: 20.541595 | DL20: 18.493792 | DM20: 2.1401213 | DN20: 0.0054988291 | DO20: 0.9 | DP20: 17.326203 | DQ20: 0.1572749 | DR20: -0.16149121 | DS20: 0 | DT20: 0 | DX20: 0.0031 | DY20: 0.0035 | DZ20: 0.0026
A21: GHGI 2022 (for 2020) | AK21: 1 | AT21: 0.0048 | AX21: =BG21 -> 0.004942 | AY21: =BH21 -> 0.0039430226 | AZ21: =BI21 -> 0.0059850499 | BG21: 0.004942 | BH21: =$BG$21+BK21*$BG$21/$BJ$21 -> 0.0039430226 | BI21: =$BG$21+BL21*$BG$21/$BJ$21 -> 0.0059850499 | BJ21: =BG21+BU21 -> 0.010092 | BK21: -0.00204 | BL21: 0.00213 | BM21: =BJ21+BK21 -> 0.008052 | BN21: =BJ21+BL21 -> 0.012222 | BU21: 0.00515 | BV21: =$BU$21+BK21*$BU$21/$BJ$21 -> 0.0041089774 | BW21: =$BU$21+BL21*$BU$21/$BJ$21 -> 0.0062369501
A22: GHGI NM 2019
A23: GHGI TX 2021
A24: GHGI CA 2021
A25: GHGI CO 2021
A26: GHGI PA 2021 | AA26: Fraction of national gas covered | AB26: =AB27/AB30 -> 0.28137144
A27: Totals excluding repeats | U27: =U3+U7+U13+U14+U15+U16 -> 712.69993 | V27: =V3+V7+V13+V14+V15+V16 -> 671.65113 | W27: =W3+W7+W13+W14+W15+W16 -> 755.79972 | AB27: =AB3+AB7+AB13+AB14+AB15+AB16 -> 23994.401 | AC27: =AC3+AC7+AC13+AC14+AC15+AC16 -> 170569 | AD27: =AD3+AD7+AD13+AD14+AD15+AD16 -> 549072 | AI27: =AI3+AI7+AI13+AI14+AI15+AI16 -> 601.409 | AP27: 1 | AQ27: =AQ3+AQ7+AQ13+AQ14+AQ15+AQ16 -> 18.606751 | AR27: =AD27/AC27 -> 3.2190609 | BE27: =U27/$AB27 -> 0.02970276 | BF27: =V27/$AB27 -> 0.027991994 | BG27: =W27/$AB27 -> 0.031499004 | BR27: =BR3+BR7+BR13+BR14+BR15+BR16 -> 0.0025245064 | BU27: =AI27/BR27 -> 238228.35 | BV27: =BV3+BV7+BV13+BV14+BV15+BV16 -> 0.016581009 | CH27: =CH3+CH7+CH13+CH14+CH15+CH16 -> 532.8099
A28: Totals including repeats (no 2019 subcampaigns) | U28: =SUM(U2:U16) -> 1357.3744 | V28: =SUM(V2:V16) -> 1268.7274 | W28: =SUM(W2:W16) -> 1452.2201 | AB28: =SUM(AB2:AB16) -> 45847.976 | AC28: =SUM(AC2:AC16) -> 398499 | AD28: =SUM(AD2:AD16) -> 1714261 | AI28: =SUM(AI2:AI16) -> 1240.421 | AP28: 1 | AQ28: =SUM(AQ2:AQ16) -> 62.970182 | AR28: =AQ28/BR27 -> 24943.562 | BE28: =U28/$AB28 -> 0.029605984 | BF28: =V28/$AB28 -> 0.027672485 | BG28: =W28/$AB28 -> 0.031674684 | BR28: =SUM(BR2:BR16) -> 0.0050364846 | BU28: =AI28/BR28 -> 246287.06 | CG28: Aerially measured/Total emissions | CH28: =CH27/U27 -> 0.74759359
A29: Totals excluding high-prod campaigns | U29: =U3+U7+U13+U15+U16 -> 636.351 | V29: =V3+V7+V13+V15+V16 -> 604.59374 | W29: =W3+W7+W13+W15+W16 -> 669.47152 | AB29: =AB3+AB7+AB13+AB15+AB16 -> 13751.921 | BE29: =U29/$AB29 -> 0.046273608 | BF29: =V29/$AB29 -> 0.043964311 | BG29: =W29/$AB29 -> 0.048682036
T30: Social cost of methane [$/t] | U30: 1500 | AA30: 2021 US gas prod | AB30: 85276.605 | BX30: Methane fractional loss partial | CO30: GHGI midstream sub-aerial fraction | CP30: =0.7303 -> 0.7303
A31: Permian total | T31: Hours per day | U31: 8760 | AC31: =SUM(Y2:Y6) -> 0.25094269 | AD31: =SUM(Z2:Z6) -> 65.379118 | AF31: =SUM(AB2:AB6) -> 29423.657 | AG31: =SUM(AC2:AC6) -> 162037 | AH31: =SUM(AD2:AD6) -> 643575 | AI31: =SUM(AE2:AE6) -> 8.5003077 | AJ31: =SUM(AF2:AF6) -> 3866 | AK31: =SUM(AG2:AG6) -> 3609.664 | AQ31: =SUM(AL2:AL6) -> 272.18659 | AR31: =AQ31/BR31 -> 1319.3069 | BR31: =SUM(BM2:BM6) -> 0.20631029 | BX31: FracLossProd
A32: San Joaquin total | T32: GWP20 (IPCC 2021) | U32: 82.5 | V32: https://report.ipcc.ch/ar6/wg1/IPCC_AR6_WGI_FullReport.pdf | W32: Table 7.15 | AC32: =SUM(Y7:Y11) -> 0.67541901 | AD32: =SUM(Z7:Z11) -> 80.237423 | AF32: =SUM(AB7:AB11) -> 1224.3124 | AG32: =SUM(AC7:AC11) -> 180339 | AH32: =SUM(AD7:AD11) -> 870400 | AI32: =SUM(AE7:AE11) -> 9.4819814 | AJ32: =SUM(AF7:AF11) -> 352 | AK32: =SUM(AG7:AG11) -> 326.168 | AQ32: =SUM(AL7:AL11) -> 15.645909 | AR32: =AQ32/BR32 -> 86.78219 | BR32: =SUM(BM7:BM11) -> 0.1802894 | BX32: Methane fractional loss total
A33: Denver total | T33: Emissions [tCH4/yr] | U33: =U27*$U$31 -> 6243251.4 | V33: =V27*$U$31 -> 5883663.9 | W33: =W27*$U$31 -> 6620805.6 | AC33: =Y12+Y13 -> 0.13643788 | AD33: =Z12+Z13 -> 21.262557 | AF33: =AB12+AB13 -> 3970.1203 | AG33: =AC12+AC13 -> 23359 | AH33: =AD12+AD13 -> 127167 | AI33: =AE12+AE13 -> 3.2176052 | AJ33: =AF12+AF13 -> 74 | AK33: =AG12+AG13 -> 58.743 | AQ33: =AL12+AL13 -> 36.968505 | AR33: =AQ33/BR33 -> 1816.9091 | BR33: =BM12+BM13 -> 0.020346921 | BX33: FracLossP2.5
A34: Per+SJ+DJ | T34: Emissions [tCO2e/yr] | U34: =U33*$U$32 -> 5.1506824e+08 | V34: =V33*$U$32 -> 4.8540228e+08 | W34: =W33*$U$32 -> 5.4621646e+08 | AC34: =SUM(AC31:AC33) -> 1.0627996 | AD34: =SUM(AD31:AD33) -> 166.8791 | AQ34: =SUM(AQ31:AQ33) -> 324.801 | AR34: =AQ34/BR34 -> 798.14158 | BR34: =SUM(BR31:BR33) -> 0.4069466 | BX34: FracLossP97.5
T35: Annual social cost of emissions [$/yr] | U35: =U33*$U$30 -> 9.3648771e+09 | V35: =V33*$U$30 -> 8.8254959e+09 | W35: =W33*$U$30 -> 9.9312084e+09 | BX35: FracLossP2.5Full
T36: NG cost [$/mcf] | U36: 3 | AA36: =AB27*$U31/$U37 -> 1.2128734e+10 | BX36: FracLossP97.5Full
T37: tCH4/mcf(NG) | U37: 0.01733 | AA37: =AB30*$U31/$U37 -> 4.3105774e+10 | BX37: FracLossMid
T38: Annual NG emissions [mcf/yr] | U38: =U33/$U$37 -> 3.6025686e+08 | V38: =V33/$U$37 -> 3.3950744e+08 | W38: =W33/$U$37 -> 3.8204302e+08 | BX38: FracLossMidP2.5
T39: Annual NG value | U39: =U38*$U$36 -> 1.0807706e+09 | V39: =V38*$U$36 -> 1.0185223e+09 | W39: =W38*$U$36 -> 1.1461291e+09 | BX39: FracLossMidP97.5
T40: Price/t(CH4) | U40: =U36/U37 -> 173.11021 | BX40: FracLossMidPartial
BS41: FracLossMidGHGI
BS42: % aerial
BS43: % aerial sel
BS44: Fraction sim retained
BS45: Sites covered
BS46: % wells ever emitting
BS47: Avg % wells emitting
BS48: Avg % sites emitting
BS49: Total aerial
BS50: Total aerial+partial emissions
BS51: Total sim emissions
BS52: Frac aerial
... BS59: Production/site covered

Sheet Tables for paper
I1: REVISIT
A2: Table 7 | B2: {='By site'!AA1:AA20} -> Transition point | C2: {='By site'!Z1:Z20} -> Min detected emission | D2: {='By site'!AF1:AF20} -> # production plumes | E2: {='By site'!AG1:AG20} -> # production plumes sel | H2: Table 8 | I2: Avg emissions/site | K2: Table 23 | L2: {='By site'!CD1:CD20} -> Well sites covered | M2: {='By site'!AF1:AF20} -> # production plumes | N2: {='By site'!AH1:AH20} -> # prod sources overall | O2: {='By site'!AQ1:AQ20} -> Avg visits/well site | P2: {='By site'!AI1:AI20} -> # avg prod sources sim | Q2: {='By site'!CG1:CG20} -> Avg % sites emitting
A3: Kairos_Permian | B3: 25.365 | C3: 7.0962343 | D3: 1083 | E3: 1081.878 | H3: Kairos_Permian | I3: =1000*'By site'!K2/'By site'!CD2 -> 5.5978907 | K3: Kairos_Permian | L3: 18030 | M3: 1083 | N3: 537 | O3: 3.7698281 | P3: 258.721 | Q3: 0.014349473
A4: Permian_2019 | B4: 59.283 | C4: 15.029525 | D4: 1749 | E4: 1645.742 | H4: Permian_2019 | I4: =1000*'By site'!K3/'By site'!CD3 -> 6.5952486 | K4: Permian_2019 | L4: 46337 | M4: 1749 | N4: 1054 | O4: 3.8655934 | P4: 483.449 | Q4: 0.010433325
A5: Permian_2020 | B5: 83.968 | C5: 8.0919112 | D5: 284 | E5: 246.309 | H5: Permian_2020 | I5: =1000*'By site'!K4/'By site'!CD4 -> 6.1230245 | K5: Permian_2020 | L5: 9380 | M5: 284 | N5: 239 | O5: 2.8557569 | P5: 101.24 | Q5: 0.010793177
A6: Permian_summer2021 | B6: 68.187 | C6: 11.813408 | D6: 416 | E6: 360.585 | H6: Permian_summer2021 | I6: =1000*'By site'!K5/'By site'!CD5 -> 6.2382059 | K6: Permian_summer2021 | L6: 10432 | M6: 416 | N6: 296 | O6: 4.8271664 | P6: 124.71 | Q6: 0.011954563
A7: Permian_fall2021 | B7: 77.865 | C7: 23.348039 | D7: 334 | E7: 275.15 | H7: Permian_fall2021 | I7: =1000*'By site'!K6/'By site'!CD6 -> 6.088963 | K7: Permian_fall2021 | L7: 10777 | M7: 334 | N7: 232 | O7: 4.7946553 | P7: 92.785 | Q7: 0.0086095388
A8: San_Joaquin_2016 | B8: 40.415 | C8: 9 | D8: 77 | E8: 69.132 | H8: San_Joaquin_2016 | I8: =1000*'By site'!K7/'By site'!CD7 -> 0.2081912 | K8: San_Joaquin_2016 | L8: 23779 | M8: 77 | N8: 40 | O8: 1.9552546 | P8: 15.074 | Q8: 0.00063392069
A9: San_Joaquin_2017 | B9: 40.99 | C9: 11 | D9: 86 | E9: 80.173 | H9: San_Joaquin_2017 | I9: =1000*'By site'!K8/'By site'!CD8 -> 0.30893291 | K9: San_Joaquin_2017 | L9: 23103 | M9: 86 | N9: 54 | O9: 4.7679522 | P9: 15.945 | Q9: 0.00069017011
A10: San_Joaquin_summer2020 | B10: 36.556644 | C10: 23.632192 | D10: 94 | E10: 90.462 | H10: San_Joaquin_summer2020 | I10: =1000*'By site'!K9/'By site'!CD9 -> 0.35324617 | K10: San_Joaquin_summer2020 | L10: 15992 | M10: 94 | N10: 39 | O10: 7.4688594 | P10: 13.337 | Q10: 0.00083397949
A11: San_Joaquin_fall2020 | B11: 37.591104 | C11: 20.646402 | D11: 48 | E11: 45.261 | H11: San_Joaquin_fall2020 | I11: =1000*'By site'!K10/'By site'!CD10 -> 0.26911197 | K11: San_Joaquin_fall2020 | L11: 16579 | M11: 48 | N11: 27 | O11: 7.2219675 | P11: 8.067 | Q11: 0.00048657941
A12: San_Joaquin_fall2021 | B12: 23.223 | C12: 15.95883 | D12: 47 | E12: 41.14 | H12: San_Joaquin_fall2021 | I12: =1000*'By site'!K11/'By site'!CD11 -> 0.20801016 | K12: San_Joaquin_fall2021 | L12: 16743 | M12: 47 | N12: 35 | O12: 3.5712238 | P12: 15.716 | Q12: 0.00093866093
A13: Denver_summer2021 | B13: 75.042 | C13: 11.102345 | D13: 34 | E13: 27.151 | H13: Denver_summer2021 | I13: =1000*'By site'!K12/'By site'!CD12 -> 2.0040841 | K13: Denver_summer2021 | L13: 7254 | M13: 34 | N13: 27 | O13: 5.0860215 | P13: 8.491 | Q13: 0.0011705266
A14: Denver_fall2021 | B14: 66.55 | C14: 10.160213 | D14: 40 | E14: 31.592 | H14: Denver_fall2021 | I14: =1000*'By site'!K13/'By site'!CD13 -> 2.0132795 | K14: Denver_fall2021 | L14: 7265 | M14: 40 | N14: 33 | O14: 5.8016518 | P14: 8.473 | Q14: 0.0011662767
... A21: Northeast_Pennsylvania_2021 | B21: 495.44526 | C21: 495.44526 | D21: 12 | E21: 11 | H21: Northeast_Pennsylvania_2021 | I21: =1000*'By site'!K20/'By site'!CD20 -> 8.6272975 | K21: Northeast_Pennsylvania_2021 | L21: 2381 | M21: 12 | N21: 12 | O21: 1.348173 | P21: 11.47 | Q21: 0.0048173037
A23: Table 24 | B23: Methane emissions [t/hr] | C23: {='By site'!AB1:AB20} -> Total covered production (t(CH4)/hr) | D23: Methane loss rate [%] | G23: Table 25 | H23: Production: Simulated [%] | I23: Production: Aerial [%] | J23: Production: Aerial partial [%] | K23: Production: Total [%] | N23: Table 26 | O23: Midstream: Simulated [%] | P23: Midstream: Aerial [%] | Q23: Midstream: Aerial partial [%] | R23: Midstream: Total [%] | T23: Table 27 | U23: Production: Simulated full distribution [%] | V23: Production: GHGI [%] | W23: % difference
A24: Kairos_Permian | B24: =ROUND('By site'!U2, 0) & " [" & ROUND('By site'!V2, 0) & ", " & ROUND('By site'!W2, 0) & "]" -> 187 [176, 200] | C24: 1952.0451 | D24: =ROUND('By site'!BJ2*100, 2) & " [" & ROUND('By site'!BM2*100, 2) & ", " & ROUND('By site'!BN2*100, 2) & "]" -> 9.57 [8.99, 10.26] | G24: Kairos_Permian | H24: =ROUND('By site'!AX2*100, 2) & CHAR(10) & "[" & ROUND('By site'!AY2*100, 2) & ", " & ROUND('By site'!AZ2*100, 2) & "]" -> 0.93 [0.89, 0.97] | I24: =ROUND('By site'!BA2*100, 2) & CHAR(10) & "[" & ROUND('By site'!BB2*100, 2) & ", " & ROUND('By site'!BC2*100, 2) & "]" -> 4 [3.33, 4.81] | J24: =ROUND('By site'!BD2*100, 2) & CHAR(10) & "[" & ROUND('By site'!BE2*100, 2) & ", " & ROUND('By site'!BF2*100, 2) & "]" -> 0.25 [0.18, 0.32] | K24: =ROUND('By site'!BG2*100, 2) & CHAR(10) & "[" & ROUND('By site'!BH2*100, 2) & ", " & ROUND('By site'!BI2*100, 2) & "]" -> 5.17 [4.83, 5.59] | N24: Kairos_Permian | O24: =ROUND('By site'!BU2*100, 2) & CHAR(10) & "[" & ROUND('By site'!BV2*100, 2) & ", " & ROUND('By site'!BW2*100, 2) & "]" -> 0.38 [0.31, 0.45] | P24: =ROUND('By site'!BO2*100, 2) & CHAR(10) & "[" & ROUND('By site'!BP2*100, 2) & ", " & ROUND('By site'!BQ2*100, 2) & "]" -> 3.77 [3.43, 4.27] | Q24: =ROUND('By site'!BR2*100, 2) & CHAR(10) & "[" & ROUND('By site'!BS2*100, 2) & ", " & ROUND('By site'!BT2*100, 2) & "]" -> 0.25 [0.21, 0.29] | R24: =ROUND('By site'!BX2*100, 2) & CHAR(10) & "[" & ROUND('By site'!BY2*100, 2) & ", " & ROUND('By site'!BZ2*100, 2) & "]" -> 4.4 [3.99, 4.97] | T24: Kairos_Permian | U24: {='By site'!BG2:BG20/'By site'!DL2:DL20} -> 0.012022885 | V24: {='By site'!DX2:DX20} -> 0.0073 | W24: =(U24-V24)/V24 -> 0.64697049
A25: Permian_2019 | B25: =ROUND('By site'!U3, 0) & " [" & ROUND('By site'!V3, 0) & ", " & ROUND('By site'!W3, 0) & "]" -> 556 [533, 580] | C25: 10526.815 | D25: =ROUND('By site'!BJ3*100, 2) & " [" & ROUND('By site'!BM3*100, 2) & ", " & ROUND('By site'!BN3*100, 2) & "]" -> 5.29 [5.06, 5.51] | G25: Permian_2019 | H25: =ROUND('By site'!AX3*100, 2) & CHAR(10) & "[" & ROUND('By site'!AY3*100, 2) & ", " & ROUND('By site'!AZ3*100, 2) & "]" -> 0.66 [0.64, 0.68] | I25: =ROUND('By site'!BA3*100, 2) & CHAR(10) & "[" & ROUND('By site'!BB3*100, 2) & ", " & ROUND('By site'!BC3*100, 2) & "]" -> 2.24 [2.06, 2.43] | J25: =ROUND('By site'!BD3*100, 2) & CHAR(10) & "[" & ROUND('By site'!BE3*100, 2) & ", " & ROUND('By site'!BF3*100, 2) & "]" -> 0 [0, 0] | K25: =ROUND('By site'!BG3*100, 2) & CHAR(10) & "[" & ROUND('By site'!BH3*100, 2) & ", " & ROUND('By site'!BI3*100, 2) & "]" -> 2.9 [2.81, 3] | N25: Permian_2019 | O25: =ROUND('By site'!BU3*100, 2) & CHAR(10) & "[" & ROUND('By site'!BV3*100, 2) & ", " & ROUND('By site'!BW3*100, 2) & "]" -> 0.36 [0.3, 0.43] | P25: =ROUND('By site'!BO3*100, 2) & CHAR(10) & "[" & ROUND('By site'!BP3*100, 2) & ", " & ROUND('By site'!BQ3*100, 2) & "]" -> 2.02 [1.9, 2.15] | Q25: =ROUND('By site'!BR3*100, 2) & CHAR(10) & "[" & ROUND('By site'!BS3*100, 2) & ", " & ROUND('By site'!BT3*100, 2) & "]" -> 0 [0, 0] | R25: =ROUND('By site'!BX3*100, 2) & CHAR(10) & "[" & ROUND('By site'!BY3*100, 2) & ", " & ROUND('By site'!BZ3*100, 2) & "]" -> 2.38 [2.19, 2.58] | T25: Permian_2019 | U25: 0.0079478448 | V25: 0.0065 | W25: =(U25-V25)/V25 -> 0.22274536
A26: Permian_2020 | B26: =ROUND('By site'!U4, 0) & " [" & ROUND('By site'!V4, 0) & ", " & ROUND('By site'!W4, 0) & "]" -> 134 [123, 145] | C26: 4766.5264 | D26: =ROUND('By site'!BJ4*100, 2) & " [" & ROUND('By site'!BM4*100, 2) & ", " & ROUND('By site'!BN4*100, 2) & "]" -> 2.81 [2.59, 3.05] | G26: Permian_2020 | H26: =ROUND('By site'!AX4*100, 2) & CHAR(10) & "[" & ROUND('By site'!AY4*100, 2) & ", " & ROUND('By site'!AZ4*100, 2) & "]" -> 0.47 [0.44, 0.5] | I26: =ROUND('By site'!BA4*100, 2) & CHAR(10) & "[" & ROUND('By site'!BB4*100, 2) & ", " & ROUND('By site'!BC4*100, 2) & "]" -> 0.73 [0.62, 0.84] | J26: =ROUND('By site'!BD4*100, 2) & CHAR(10) & "[" & ROUND('By site'!BE4*100, 2) & ", " & ROUND('By site'!BF4*100, 2) & "]" -> 0 [0, 0] | K26: =ROUND('By site'!BG4*100, 2) & CHAR(10) & "[" & ROUND('By site'!BH4*100, 2) & ", " & ROUND('By site'!BI4*100, 2) & "]" -> 1.2 [1.13, 1.27] | N26: Permian_2020 | O26: =ROUND('By site'!BU4*100, 2) & CHAR(10) & "[" & ROUND('By site'!BV4*100, 2) & ", " & ROUND('By site'!BW4*100, 2) & "]" -> 0.34 [0.28, 0.41] | P26: =ROUND('By site'!BO4*100, 2) & CHAR(10) & "[" & ROUND('By site'!BP4*100, 2) & ", " & ROUND('By site'!BQ4*100, 2) & "]" -> 1.26 [1.12, 1.42] | Q26: =ROUND('By site'!BR4*100, 2) & CHAR(10) & "[" & ROUND('By site'!BS4*100, 2) & ", " & ROUND('By site'!BT4*100, 2) & "]" -> 0 [0, 0] | R26: =ROUND('By site'!BX4*100, 2) & CHAR(10) & "[" & ROUND('By site'!BY4*100, 2) & ", " & ROUND('By site'!BZ4*100, 2) & "]" -> 1.61 [1.4, 1.83] | T26: Permian_2020 | U26: 0.005671728 | V26: 0.006 | W26: =(U26-V26)/V26 -> -0.054711998
A27: Permian_summer2021 | B27: =ROUND('By site'!U5, 0) & " [" & ROUND('By site'!V5, 0) & ", " & ROUND('By site'!W5, 0) & "]" -> 131 [122, 140] | C27: 5950.4297 | D27: =ROUND('By site'!BJ5*100, 2) & " [" & ROUND('By site'!BM5*100, 2) & ", " & ROUND('By site'!BN5*100, 2) & "]" -> 2.19 [2.05, 2.35] | G27: Permian_summer2021 | H27: =ROUND('By site'!AX5*100, 2) & CHAR(10) & "[" & ROUND('By site'!AY5*100, 2) & ", " & ROUND('By site'!AZ5*100, 2) & "]" -> 0.47 [0.44, 0.5] | I27: =ROUND('By site'!BA5*100, 2) & CHAR(10) & "[" & ROUND('By site'!BB5*100, 2) & ", " & ROUND('By site'!BC5*100, 2) & "]" -> 0.62 [0.5, 0.75] | J27: =ROUND('By site'!BD5*100, 2) & CHAR(10) & "[" & ROUND('By site'!BE5*100, 2) & ", " & ROUND('By site'!BF5*100, 2) & "]" -> 0 [0, 0] | K27: =ROUND('By site'!BG5*100, 2) & CHAR(10) & "[" & ROUND('By site'!BH5*100, 2) & ", " & ROUND('By site'!BI5*100, 2) & "]" -> 1.09 [1.04, 1.15] | N27: Permian_summer2021 | O27: =ROUND('By site'!BU5*100, 2) & CHAR(10) & "[" & ROUND('By site'!BV5*100, 2) & ", " & ROUND('By site'!BW5*100, 2) & "]" -> 0.34 [0.28, 0.41] | P27: =ROUND('By site'!BO5*100, 2) & CHAR(10) & "[" & ROUND('By site'!BP5*100, 2) & ", " & ROUND('By site'!BQ5*100, 2) & "]" -> 0.76 [0.7, 0.83] | Q27: =ROUND('By site'!BR5*100, 2) & CHAR(10) & "[" & ROUND('By site'!BS5*100, 2) & ", " & ROUND('By site'!BT5*100, 2) & "]" -> 0 [0, 0] | R27: =ROUND('By site'!BX5*100, 2) & CHAR(10) & "[" & ROUND('By site'!BY5*100, 2) & ", " & ROUND('By site'!BZ5*100, 2) & "]" -> 1.1 [0.98, 1.23] | T27: Permian_summer2021 | U27: 0.0058452266 | V27: 0.006 | W27: =(U27-V27)/V27 -> -0.025795572
A28: Permian_fall2021 | B28: =ROUND('By site'!U6, 0) & " [" & ROUND('By site'!V6, 0) & ", " & ROUND('By site'!W6, 0) & "]" -> 131 [121, 141] | C28: 6227.8408 | D28: =ROUND('By site'!BJ6*100, 2) & " [" & ROUND('By site'!BM6*100, 2) & ", " & ROUND('By site'!BN6*100, 2) & "]" -> 2.1 [1.94, 2.27] | G28: Permian_fall2021 | H28: =ROUND('By site'!AX6*100, 2) & CHAR(10) & "[" & ROUND('By site'!AY6*100, 2) & ", " & ROUND('By site'!AZ6*100, 2) & "]" -> 0.49 [0.46, 0.51] | I28: =ROUND('By site'!BA6*100, 2) & CHAR(10) & "[" & ROUND('By site'!BB6*100, 2) & ", " & ROUND('By site'!BC6*100, 2) & "]" -> 0.57 [0.44, 0.7] | J28: =ROUND('By site'!BD6*100, 2) & CHAR(10) & "[" & ROUND('By site'!BE6*100, 2) & ", " & ROUND('By site'!BF6*100, 2) & "]" -> 0 [0, 0] | K28: =ROUND('By site'!BG6*100, 2) & CHAR(10) & "[" & ROUND('By site'!BH6*100, 2) & ", " & ROUND('By site'!BI6*100, 2) & "]" -> 1.05 [0.99, 1.11] | N28: Permian_fall2021 | O28: =ROUND('By site'!BU6*100, 2) & CHAR(10) & "[" & ROUND('By site'!BV6*100, 2) & ", " & ROUND('By site'!BW6*100, 2) & "]" -> 0.34 [0.28, 0.41] | P28: =ROUND('By site'!BO6*100, 2) & CHAR(10) & "[" & ROUND('By site'!BP6*100, 2) & ", " & ROUND('By site'!BQ6*100, 2) & "]" -> 0.71 [0.63, 0.79] | Q28: =ROUND('By site'!BR6*100, 2) & CHAR(10) & "[" & ROUND('By site'!BS6*100, 2) & ", " & ROUND('By site'!BT6*100, 2) & "]" -> 0 [0, 0] | R28: =ROUND('By site'!BX6*100, 2) & CHAR(10) & "[" & ROUND('By site'!BY6*100, 2) & ", " & ROUND('By site'!BZ6*100, 2) & "]" -> 1.05 [0.91, 1.19] | T28: Permian_fall2021 | U28: 0.0058952504 | V28: 0.006 | W28: =(U28-V28)/V28 -> -0.017458268
A29: San_Joaquin_2016 | B29: =ROUND('By site'!U7, 0) & " [" & ROUND('By site'!V7, 0) & ", " & ROUND('By site'!W7, 0) & "]" -> 11 [9, 13] | C29: 264.97396 | D29: =ROUND('By site'!BJ7*100, 2) & " [" & ROUND('By site'!BM7*100, 2) & ", " & ROUND('By site'!BN7*100, 2) & "]" -> 4.12 [3.53, 4.8] | G29: San_Joaquin_2016 | H29: =ROUND('By site'!AX7*100, 2) & CHAR(10) & "[" & ROUND('By site'!AY7*100, 2) & ", " & ROUND('By site'!AZ7*100, 2) & "]" -> 0.97 [0.91, 1.04] | I29: =ROUND('By site'!BA7*100, 2) & CHAR(10) & "[" & ROUND('By site'!BB7*100, 2) & ", " & ROUND('By site'!BC7*100, 2) & "]" -> 0.9 [0.48, 1.34] | J29: =ROUND('By site'!BD7*100, 2) & CHAR(10) & "[" & ROUND('By site'!BE7*100, 2) & ", " & ROUND('By site'!BF7*100, 2) & "]" -> 0 [0, 0] | K29: =ROUND('By site'!BG7*100, 2) & CHAR(10) & "[" & ROUND('By site'!BH7*100, 2) & ", " & ROUND('By site'!BI7*100, 2) & "]" -> 1.87 [1.57, 2.19] | N29: San_Joaquin_2016 | O29: =ROUND('By site'!BU7*100, 2) & CHAR(10) & "[" & ROUND('By site'!BV7*100, 2) & ", " & ROUND('By site'!BW7*100, 2) & "]" -> 0.45 [0.37, 0.53] | P29: =ROUND('By site'!BO7*100, 2) & CHAR(10) & "[" & ROUND('By site'!BP7*100, 2) & ", " & ROUND('By site'!BQ7*100, 2) & "]" -> 1.8 [1.4, 2.33] | Q29: =ROUND('By site'!BR7*100, 2) & CHAR(10) & "[" & ROUND('By site'!BS7*100, 2) & ", " & ROUND('By site'!BT7*100, 2) & "]" -> 0 [0, 0] | R29: =ROUND('By site'!BX7*100, 2) & CHAR(10) & "[" & ROUND('By site'!BY7*100, 2) & ", " & ROUND('By site'!BZ7*100, 2) & "]" -> 2.25 [1.77, 2.86] | T29: San_Joaquin_2016 | U29: 0.0098342157 | V29: 0.0512 | W29: =(U29-V29)/V29 -> -0.80792547
A30: San_Joaquin_2017 | B30: =ROUND('By site'!U8, 0) & " [" & ROUND('By site'!V8, 0) & ", " & ROUND('By site'!W8, 0) & "]" -> 16 [14, 18] | C30: 284.66581 | D30: =ROUND('By site'!BJ8*100, 2) & " [" & ROUND('By site'!BM8*100, 2) & ", " & ROUND('By site'!BN8*100, 2) & "]" -> 5.56 [4.95, 6.27] | G30: San_Joaquin_2017 | H30: =ROUND('By site'!AX8*100, 2) & CHAR(10) & "[" & ROUND('By site'!AY8*100, 2) & ", " & ROUND('By site'!AZ8*100, 2) & "]" -> 0.94 [0.87, 1] | I30: =ROUND('By site'!BA8*100, 2) & CHAR(10) & "[" & ROUND('By site'!BB8*100, 2) & ", " & ROUND('By site'!BC8*100, 2) & "]" -> 1.57 [1, 2.19] | J30: =ROUND('By site'!BD8*100, 2) & CHAR(10) & "[" & ROUND('By site'!BE8*100, 2) & ", " & ROUND('By site'!BF8*100, 2) & "]" -> 0 [0, 0] | K30: =ROUND('By site'!BG8*100, 2) & CHAR(10) & "[" & ROUND('By site'!BH8*100, 2) & ", " & ROUND('By site'!BI8*100, 2) & "]" -> 2.51 [2.25, 2.79] | N30: San_Joaquin_2017 | O30: =ROUND('By site'!BU8*100, 2) & CHAR(10) & "[" & ROUND('By site'!BV8*100, 2) & ", " & ROUND('By site'!BW8*100, 2) & "]" -> 0.44 [0.36, 0.52] | P30: =ROUND('By site'!BO8*100, 2) & CHAR(10) & "[" & ROUND('By site'!BP8*100, 2) & ", " & ROUND('By site'!BQ8*100, 2) & "]" -> 2.62 [2.19, 3.15] | Q30: =ROUND('By site'!BR8*100, 2) & CHAR(10) & "[" & ROUND('By site'!BS8*100, 2) & ", " & ROUND('By site'!BT8*100, 2) & "]" -> 0 [0, 0] | R30: =ROUND('By site'!BX8*100, 2) & CHAR(10) & "[" & ROUND('By site'!BY8*100, 2) & ", " & ROUND('By site'!BZ8*100, 2) & "]" -> 3.05 [2.55, 3.67] | T30: San_Joaquin_2017 | U30: 0.0095669727 | V30: 0.0485 | W30: =(U30-V30)/V30 -> -0.80274283
A31: San_Joaquin_summer2020 | B31: =ROUND('By site'!U9, 0) & " [" & ROUND('By site'!V9, 0) & ", " & ROUND('By site'!W9, 0) & "]" -> 11 [10, 12] | C31: 231.42089 | D31: =ROUND('By site'!BJ9*100, 2) & " [" & ROUND('By site'!BM9*100, 2) & ", " & ROUND('By site'!BN9*100, 2) & "]" -> 4.63 [4.13, 5.22] | G31: San_Joaquin_summer2020 | H31: =ROUND('By site'!AX9*100, 2) & CHAR(10) & "[" & ROUND('By site'!AY9*100, 2) & ", " & ROUND('By site'!AZ9*100, 2) & "]" -> 0.78 [0.73, 0.85] | I31: =ROUND('By site'!BA9*100, 2) & CHAR(10) & "[" & ROUND('By site'!BB9*100, 2) & ", " & ROUND('By site'!BC9*100, 2) & "]" -> 1.66 [0.87, 2.61] | J31: =ROUND('By site'!BD9*100, 2) & CHAR(10) & "[" & ROUND('By site'!BE9*100, 2) & ", " & ROUND('By site'!BF9*100, 2) & "]" -> 0 [0, 0] | K31: =ROUND('By site'!BG9*100, 2) & CHAR(10) & "[" & ROUND('By site'!BH9*100, 2) & ", " & ROUND('By site'!BI9*100, 2) & "]" -> 2.44 [2.15, 2.79] | N31: San_Joaquin_summer2020 | O31: =ROUND('By site'!BU9*100, 2) & CHAR(10) & "[" & ROUND('By site'!BV9*100, 2) & ", " & ROUND('By site'!BW9*100, 2) & "]" -> 0.38 [0.31, 0.44] | P31: =ROUND('By site'!BO9*100, 2) & CHAR(10) & "[" & ROUND('By site'!BP9*100, 2) & ", " & ROUND('By site'!BQ9*100, 2) & "]" -> 1.81 [1.52, 2.22] | Q31: =ROUND('By site'!BR9*100, 2) & CHAR(10) & "[" & ROUND('By site'!BS9*100, 2) & ", " & ROUND('By site'!BT9*100, 2) & "]" -> 0 [0, 0] | R31: =ROUND('By site'!BX9*100, 2) & CHAR(10) & "[" & ROUND('By site'!BY9*100, 2) & ", " & ROUND('By site'!BZ9*100, 2) & "]" -> 2.19 [1.83, 2.66] | T31: San_Joaquin_summer2020 | U31: 0.0079676907 | V31: 0.0565 | W31: =(U31-V31)/V31 -> -0.85897893
A32: San_Joaquin_fall2020 | B32: =ROUND('By site'!U10, 0) & " [" & ROUND('By site'!V10, 0) & ", " & ROUND('By site'!W10, 0) & "]" -> 9 [8, 11] | C32: 245.23328 | D32: =ROUND('By site'!BJ10*100, 2) & " [" & ROUND('By site'!BM10*100, 2) & ", " & ROUND('By site'!BN10*100, 2) & "]" -> 3.74 [3.21, 4.35] | G32: San_Joaquin_fall2020 | H32: =ROUND('By site'!AX10*100, 2) & CHAR(10) & "[" & ROUND('By site'!AY10*100, 2) & ", " & ROUND('By site'!AZ10*100, 2) & "]" -> 0.77 [0.71, 0.83] | I32: =ROUND('By site'!BA10*100, 2) & CHAR(10) & "[" & ROUND('By site'!BB10*100, 2) & ", " & ROUND('By site'!BC10*100, 2) & "]" -> 1.05 [0.36, 2.04] | J32: =ROUND('By site'!BD10*100, 2) & CHAR(10) & "[" & ROUND('By site'!BE10*100, 2) & ", " & ROUND('By site'!BF10*100, 2) & "]" -> 0 [0, 0] | K32: =ROUND('By site'!BG10*100, 2) & CHAR(10) & "[" & ROUND('By site'!BH10*100, 2) & ", " & ROUND('By site'!BI10*100, 2) & "]" -> 1.82 [1.56, 2.19] | N32: San_Joaquin_fall2020 | O32: =ROUND('By site'!BU10*100, 2) & CHAR(10) & "[" & ROUND('By site'!BV10*100, 2) & ", " & ROUND('By site'!BW10*100, 2) & "]" -> 0.38 [0.31, 0.44] | P32: =ROUND('By site'!BO10*100, 2) & CHAR(10) & "[" & ROUND('By site'!BP10*100, 2) & ", " & ROUND('By site'!BQ10*100, 2) & "]" -> 1.55 [1.21, 2.02] | Q32: =ROUND('By site'!BR10*100, 2) & CHAR(10) & "[" & ROUND('By site'!BS10*100, 2) & ", " & ROUND('By site'!BT10*100, 2) & "]" -> 0 [0, 0] | R32: =ROUND('By site'!BX10*100, 2) & CHAR(10) & "[" & ROUND('By site'!BY10*100, 2) & ", " & ROUND('By site'!BZ10*100, 2) & "]" -> 1.92 [1.52, 2.46] | T32: San_Joaquin_fall2020 | U32: 0.0078249989 | V32: 0.0565 | W32: =(U32-V32)/V32 -> -0.86150444
A33: San_Joaquin_fall2021 | B33: =ROUND('By site'!U11, 0) & " [" & ROUND('By site'!V11, 0) & ", " & ROUND('By site'!W11, 0) & "]" -> 5 [4, 6] | C33: 198.01851 | D33: =ROUND('By site'!BJ11*100, 2) & " [" & ROUND('By site'!BM11*100, 2) & ", " & ROUND('By site'!BN11*100, 2) & "]" -> 2.54 [2.21, 2.9] | G33: San_Joaquin_fall2021 | H33: =ROUND('By site'!AX11*100, 2) & CHAR(10) & "[" & ROUND('By site'!AY11*100, 2) & ", " & ROUND('By site'!AZ11*100, 2) & "]" -> 0.87 [0.81, 0.93] | I33: =ROUND('By site'!BA11*100, 2) & CHAR(10) & "[" & ROUND('By site'!BB11*100, 2) & ", " & ROUND('By site'!BC11*100, 2) & "]" -> 0.89 [0.44, 1.42] | J33: =ROUND('By site'!BD11*100, 2) & CHAR(10) & "[" & ROUND('By site'!BE11*100, 2) & ", " & ROUND('By site'!BF11*100, 2) & "]" -> 0 [0, 0] | K33: =ROUND('By site'!BG11*100, 2) & CHAR(10) & "[" & ROUND('By site'!BH11*100, 2) & ", " & ROUND('By site'!BI11*100, 2) & "]" -> 1.76 [1.53, 2.04] | N33: San_Joaquin_fall2021 | O33: =ROUND('By site'!BU11*100, 2) & CHAR(10) & "[" & ROUND('By site'!BV11*100, 2) & ", " & ROUND('By site'!BW11*100, 2) & "]" -> 0.38 [0.31, 0.44] | P33: =ROUND('By site'!BO11*100, 2) & CHAR(10) & "[" & ROUND('By site'!BP11*100, 2) & ", " & ROUND('By site'!BQ11*100, 2) & "]" -> 0.4 [0.28, 0.54] | Q33: =ROUND('By site'!BR11*100, 2) & CHAR(10) & "[" & ROUND('By site'!BS11*100, 2) & ", " & ROUND('By site'!BT11*100, 2) & "]" -> 0 [0, 0] | R33: =ROUND('By site'!BX11*100, 2) & CHAR(10) & "[" & ROUND('By site'!BY11*100, 2) & ", " & ROUND('By site'!BZ11*100, 2) & "]" -> 0.78 [0.59, 0.98] | T33: San_Joaquin_fall2021 | U33: 0.0090829386 | V33: 0.0565 | W33: =(U33-V33)/V33 -> -0.83924002
A34: Denver_summer2021 | B34: =ROUND('By site'!U12, 0) & " [" & ROUND('By site'!V12, 0) & ", " & ROUND('By site'!W12, 0) & "]" -> 21 [20, 24] | C34: 1997.3945 | D34: =ROUND('By site'!BJ12*100, 2) & " [" & ROUND('By site'!BM12*100, 2) & ", " & ROUND('By site'!BN12*100, 2) & "]" -> 1.08 [0.98, 1.18] | G34: Denver_summer2021 | H34: =ROUND('By site'!AX12*100, 2) & CHAR(10) & "[" & ROUND('By site'!AY12*100, 2) & ", " & ROUND('By site'!AZ12*100, 2) & "]" -> 0.61 [0.58, 0.64] | I34: =ROUND('By site'!BA12*100, 2) & CHAR(10) & "[" & ROUND('By site'!BB12*100, 2) & ", " & ROUND('By site'!BC12*100, 2) & "]" -> 0.12 [0.04, 0.2] | J34: =ROUND('By site'!BD12*100, 2) & CHAR(10) & "[" & ROUND('By site'!BE12*100, 2) & ", " & ROUND('By site'!BF12*100, 2) & "]" -> 0 [0, 0] | K34: =ROUND('By site'!BG12*100, 2) & CHAR(10) & "[" & ROUND('By site'!BH12*100, 2) & ", " & ROUND('By site'!BI12*100, 2) & "]" -> 0.73 [0.69, 0.77] | N34: Denver_summer2021 | O34: =ROUND('By site'!BU12*100, 2) & CHAR(10) & "[" & ROUND('By site'!BV12*100, 2) & ", " & ROUND('By site'!BW12*100, 2) & "]" -> 0.31 [0.26, 0.37] | P34: =ROUND('By site'!BO12*100, 2) & CHAR(10) & "[" & ROUND('By site'!BP12*100, 2) & ", " & ROUND('By site'!BQ12*100, 2) & "]" -> 0.04 [0.02, 0.05] | Q34: =ROUND('By site'!BR12*100, 2) & CHAR(10) & "[" & ROUND('By site'!BS12*100, 2) & ", " & ROUND('By site'!BT12*100, 2) & "]" -> 0 [0, 0] | R34: =ROUND('By site'!BX12*100, 2) & CHAR(10) & "[" & ROUND('By site'!BY12*100, 2) & ", " & ROUND('By site'!BZ12*100, 2) & "]" -> 0.35 [0.28, 0.42] | T34: Denver_summer2021 | U34: 0.0062683617 | V34: 0.0054 | W34: =(U34-V34)/V34 -> 0.16080772
A35: Denver_fall2021 | B35: =ROUND('By site'!U13, 0) & " [" & ROUND('By site'!V13, 0) & ", " & ROUND('By site'!W13, 0) & "]" -> 23 [21, 26] | C35: 1972.7258 | D35: =ROUND('By site'!BJ13*100, 2) & " [" & ROUND('By site'!BM13*100, 2) & ", " & ROUND('By site'!BN13*100, 2) & "]" -> 1.17 [1.05, 1.33] | G35: Denver_fall2021 | H35: =ROUND('By site'!AX13*100, 2) & CHAR(10) & "[" & ROUND('By site'!AY13*100, 2) & ", " & ROUND('By site'!AZ13*100, 2) & "]" -> 0.62 [0.59, 0.66] | I35: =ROUND('By site'!BA13*100, 2) & CHAR(10) & "[" & ROUND('By site'!BB13*100, 2) & ", " & ROUND('By site'!BC13*100, 2) & "]" -> 0.12 [0.03, 0.22] | J35: =ROUND('By site'!BD13*100, 2) & CHAR(10) & "[" & ROUND('By site'!BE13*100, 2) & ", " & ROUND('By site'!BF13*100, 2) & "]" -> 0 [0, 0] | K35: =ROUND('By site'!BG13*100, 2) & CHAR(10) & "[" & ROUND('By site'!BH13*100, 2) & ", " & ROUND('By site'!BI13*100, 2) & "]" -> 0.74 [0.7, 0.79] | N35: Denver_fall2021 | O35: =ROUND('By site'!BU13*100, 2) & CHAR(10) & "[" & ROUND('By site'!BV13*100, 2) & ", " & ROUND('By site'!BW13*100, 2) & "]" -> 0.31 [0.26, 0.37] | P35: =ROUND('By site'!BO13*100, 2) & CHAR(10) & "[" & ROUND('By site'!BP13*100, 2) & ", " & ROUND('By site'!BQ13*100, 2) & "]" -> 0.12 [0.08, 0.21] | Q35: =ROUND('By site'!BR13*100, 2) & CHAR(10) & "[" & ROUND('By site'!BS13*100, 2) & ", " & ROUND('By site'!BT13*100, 2) & "]" -> 0 [0, 0] | R35: =ROUND('By site'!BX13*100, 2) & CHAR(10) & "[" & ROUND('By site'!BY13*100, 2) & ", " & ROUND('By site'!BZ13*100, 2) & "]" -> 0.43 [0.34, 0.58] | T35: Denver_fall2021 | U35: 0.0064141471 | V35: 0.0054 | W35: =(U35-V35)/V35 -> 0.18780502
A36: Pennsylvania_2021 | B36: =ROUND('By site'!U14, 0) & " [" & ROUND('By site'!V14, 0) & ", " & ROUND('By site'!W14, 0) & "]" -> 76 [67, 86] | C36: 10242.48 | D36: =ROUND('By site'!BJ14*100, 2) & " [" & ROUND('By site'!BM14*100, 2) & ", " & ROUND('By site'!BN14*100, 2) & "]" -> 0.75 [0.65, 0.84] | G36: Pennsylvania_2021 | H36: =ROUND('By site'!AX14*100, 2) & CHAR(10) & "[" & ROUND('By site'!AY14*100, 2) & ", " & ROUND('By site'!AZ14*100, 2) & "]" -> 0.12 [0.11, 0.12] | I36: =ROUND('By site'!BA14*100, 2) & CHAR(10) & "[" & ROUND('By site'!BB14*100, 2) & ", " & ROUND('By site'!BC14*100, 2) & "]" -> 0.38 [0.3, 0.46] | J36: =ROUND('By site'!BD14*100, 2) & CHAR(10) & "[" & ROUND('By site'!BE14*100, 2) & ", " & ROUND('By site'!BF14*100, 2) & "]" -> 0 [0, 0] | K36: =ROUND('By site'!BG14*100, 2) & CHAR(10) & "[" & ROUND('By site'!BH14*100, 2) & ", " & ROUND('By site'!BI14*100, 2) & "]" -> 0.49 [0.44, 0.55] | N36: Pennsylvania_2021 | O36: =ROUND('By site'!BU14*100, 2) & CHAR(10) & "[" & ROUND('By site'!BV14*100, 2) & ", " & ROUND('By site'!BW14*100, 2) & "]" -> 0.18 [0.15, 0.21] | P36: =ROUND('By site'!BO14*100, 2) & CHAR(10) & "[" & ROUND('By site'!BP14*100, 2) & ", " & ROUND('By site'!BQ14*100, 2) & "]" -> 0.08 [0.06, 0.1] | Q36: =ROUND('By site'!BR14*100, 2) & CHAR(10) & "[" & ROUND('By site'!BS14*100, 2) & ", " & ROUND('By site'!BT14*100, 2) & "]" -> 0 [0, 0] | R36: =ROUND('By site'!BX14*100, 2) & CHAR(10) & "[" & ROUND('By site'!BY14*100, 2) & ", " & ROUND('By site'!BZ14*100, 2) & "]" -> 0.25 [0.2, 0.31] | T36: Pennsylvania_2021 | U36: 0.0011678711 | V36: 0.0031 | W36: =(U36-V36)/V36 -> -0.6232674
... A42: Northeast_Pennsylvania_2021 | B42: =ROUND('By site'!U20, 0) & " [" & ROUND('By site'!V20, 0) & ", " & ROUND('By site'!W20, 0) & "]" -> 38 [32, 44] | C42: 5095.6288 | D42: =ROUND('By site'!BJ20*100, 2) & " [" & ROUND('By site'!BM20*100, 2) & ", " & ROUND('By site'!BN20*100, 2) & "]" -> 0.74 [0.62, 0.86] | G42: Northeast_Pennsylvania_2021 | H42: =ROUND('By site'!AX20*100, 2) & CHAR(10) & "[" & ROUND('By site'!AY20*100, 2) & ", " & ROUND('By site'!AZ20*100, 2) & "]" -> 0.02 [0.02, 0.03] | I42: =ROUND('By site'!BA20*100, 2) & CHAR(10) & "[" & ROUND('By site'!BB20*100, 2) & ", " & ROUND('By site'!BC20*100, 2) & "]" -> 0.38 [0.29, 0.46] | J42: =ROUND('By site'!BD20*100, 2) & CHAR(10) & "[" & ROUND('By site'!BE20*100, 2) & ", " & ROUND('By site'!BF20*100, 2) & "]" -> 0 [0, 0] | K42: =ROUND('By site'!BG20*100, 2) & CHAR(10) & "[" & ROUND('By site'!BH20*100, 2) & ", " & ROUND('By site'!BI20*100, 2) & "]" -> 0.4 [0.33, 0.47] | N42: Northeast_Pennsylvania_2021 | O42: =ROUND('By site'!BU20*100, 2) & CHAR(10) & "[" & ROUND('By site'!BV20*100, 2) & ", " & ROUND('By site'!BW20*100, 2) & "]" -> 0.18 [0.15, 0.21] | P42: =ROUND('By site'!BO20*100, 2) & CHAR(10) & "[" & ROUND('By site'!BP20*100, 2) & ", " & ROUND('By site'!BQ20*100, 2) & "]" -> 0.16 [0.11, 0.22] | Q42: =ROUND('By site'!BR20*100, 2) & CHAR(10) & "[" & ROUND('By site'!BS20*100, 2) & ", " & ROUND('By site'!BT20*100, 2) & "]" -> 0 [0, 0] | R42: =ROUND('By site'!BX20*100, 2) & CHAR(10) & "[" & ROUND('By site'!BY20*100, 2) & ", " & ROUND('By site'!BZ20*100, 2) & "]" -> 0.34 [0.26, 0.43] | T42: Northeast_Pennsylvania_2021 | U42: 0.00021797687 | V42: 0.0031 | W42: =(U42-V42)/V42 -> -0.92968488
A43: GHGI 2022 | G43: GHGI 2022 | N43: GHGI 2022
A44: Total | B44: =ROUND('By site'!U27, 0) & " [" & ROUND('By site'!V27, 0) & ", " & ROUND('By site'!W27, 0) & "]" -> 713 [672, 756] | D44: =ROUND('By site'!BE27*100, 2) & " [" & ROUND('By site'!BF27*100, 2) & ", " & ROUND('By site'!BG27*100, 2) & "]" -> 2.97 [2.8, 3.15]
A46: Table 28 | B46: {='By site'!Y1:Y20} -> % SDev of MC iterations | C46: {='By site'!AT1:AT20} -> SErr of sample mean
A47: Kairos_Permian | B47: 0.062336739 | C47: 0.0019712608
A48: Permian_2019 | B48: 0.032662483 | C48: 0.0010328784
A49: Permian_2020 | B49: 0.052643636 | C49: 0.0016647379
A50: Permian_summer2021 | B50: 0.046598349 | C50: 0.0014735692
A51: Permian_fall2021 | B51: 0.05670148 | C51: 0.0017930582
A52: San_Joaquin_2016 | B52: 0.098709591 | C52: 0.0031214714
A53: San_Joaquin_2017 | B53: 0.11924573 | C53: 0.003770881
A54: San_Joaquin_summer2020 | B54: 0.14962666 | C54: 0.0047316104
A55: San_Joaquin_fall2020 | B55: 0.19641561 | C55: 0.0062112071
A56: San_Joaquin_fall2021 | B56: 0.11142142 | C56: 0.0035234547
A57: Denver_summer2021 | B57: 0.047402712 | C57: 0.0014990054
A58: Denver_fall2021 | B58: 0.089035172 | C58: 0.0028155394
... A65: Northeast_Pennsylvania_2021 | B65: 0.073058183 | C65: 0.0023103026

Sheet GHGRP gas comp
A1: Scenario | B1: Simulation (t/h) | C1: Aerial (t/h) | D1: Partial (t/h) | E1: Total emissions (t/h) | F1: Total emissions P2.5 | G1: Total emissions P97.5 | H1: Aerial emissions P2.5 | I1: Aerial emissions P97.5 | J1: Aerial midstream emissions (t/h) | K1: Aerial midstream emissions P2.5 | L1: Aerial midstream emissions P97.5 | M1: Midstream partial detect (t/h) | N1: Midstream GHGI below min detect (t/h) | O1: Total emissions + midstream (t/h) | P1: Total emissions + midstream P2.5 | Q1: Total emissions + midstream P97.5 | R1: N | S1: % SDev of MC iterations | T1: Min detected emission | U1: Transition point | V1: Total covered production (t(CH4)/hr) | W1: Wells covered | X1: Well visits | Y1: Wells per site | Z1: # production plumes | AA1: # production plumes sel | AB1: # prod sources overall | AC1: # avg prod sources sim | AD1: # midstream plumes | AE1: # midstream sources | AF1: Total sim emissions | AG1: Stratify by covered prod | AH1: Include repeats | AI1: High prod | AJ1: Well site visits | AK1: Avg visits/well | AL1: SD to SErr factor | AM1: SErr of mean total emissions | AN1: Serr of sample mean | AO1: Simulation % | AP1: Aerial % | AQ1: Partial % | AR1: Methane fractional loss simulation | AS1: Methane fractional loss aerial | AT1: AerialFracLossP2.5 | AU1: AerialFracLossP97.5 | AV1: Methane fractional loss partial | AW1: FracLossProd | AX1: Methane fractional loss total | AY1: FracLossP2.5 | AZ1: FracLossP97.5 | BA1: FracLossP2.5Full | BB1: FracLossP97.5Full | BC1: FracLossMid | BD1: FracLossMidP2.5 | BE1: FracLossMidP97.5 | BF1: FracLossMidPartial | BG1: FracLossMidGHGI | BH1: % aerial | BI1: % aerial sel | BJ1: Fraction sim retained | BK1: Sites covered | BL1: % wells ever emitting | BM1: Avg % wells emitting | BN1: Avg % sites emitting | BO1: Total aerial | BP1: Total aerial+partial emissions | BQ1: Total sim emissions | BR1: Frac aerial | BS1: Frac aerial+partial | BT1: Frac sim | BU1: Frac midstream | BV1: Frac midstream aerial | BW1: Total production emissions | BX1: Total/Sim | BY1: Production/site covered | BZ1: State GHGI | CA1: NG methane fraction | CB1: kgCH4 per mcfNG
A2: Kairos_Permian | B2: 16.825598 | C2: 78.160959 | D2: 5.6541529 | E2: 100.64071 | F2: 93.596458 | G2: 109.47365 | H2: 71.066287 | I2: 86.784899 | J2: 73.600746 | K2: 67.258116 | L2: 83.875294 | M2: 6.2658452 | N2: 8.216505 | O2: 188.72381 | P2: 177.12981 | Q2: 203.66241 | R2: 1000 | S2: 0.06580505 | T2: 7.0962343 | U2: 19.125 | V2: 1388.3755 | W2: 21637 | X2: 81564 | Y2: 1.2 | Z2: 1083 | AA2: 1082.161 | AB2: 537 | AC2: 258.778 | AD2: 902 | AE2: 415 | AF2: 25.042103 | AG2: Yes | AH2: No | AI2: 20221204c | AJ2: 67970 | AK2: 3.7698281 | AL2: 0.51503795 | AM2: 0.033892098 | AN2: 0.0020809384 | AO2: 0.15312134 | AP2: 0.83485667 | AQ2: 0.012021984 | AR2: 0.012118911 | AS2: 0.056296702 | AT2: 0.046375 | AU2: 0.068357041 | AV2: 0.0040724956 | AW2: 0.072488108 | AX2: 0.13593139 | AY2: -0.008350767 | AZ2: 0.010759768 | BA2: 0.12758062 | BB2: 0.14669116 | BC2: 0.053012134 | BD2: 0.048443751 | BE2: 0.060412544 | BF2: 0.0036681585 | BG2: 0.0059180713 | BH2: 0.0159335 | BI2: 0.015921156 | BJ2: 0.71731139 | BK2: 18030 | BL2: 0.029783694 | BM2: 0.011959976 | BN2: 0.014352634 | BO2: 151.76171 | BP2: 158.02755 | BQ2: 25.042103 | BR2: 0.80414641 | BS2: 0.83734774 | BT2: 0.13269244 | BU2: 0.46672855 | BV2: 0.38998972 | BW2: 100.64071 | BX2: 4.290557 | BY2: 0.077003631 | BZ2: 0.017544221 | CA2: 0.64011733 | CB2: 12.323114
A3: Permian_2019 | B3: 69.489305 | C3: 236.22166 | D3: 0 | E3: 305.71096 | F3: 295.96222 | G3: 316.13296 | H3: 226.69534 | I3: 246.50276 | J3: 212.5112 | K3: 200.48743 | L3: 226.6524 | M3: 0 | N3: 42.363324 | O3: 560.58549 | P3: 537.54035 | Q3: 584.98518 | R3: 1000 | S3: 0.030554512 | T3: 15.029525 | U3: 59.787 | V3: 7487.1072 | W3: 84570 | X3: 326908 | Y3: 1.8250769 | Z3: 1749 | AA3: 1644.851 | AB3: 1054 | AC3: 483.402 | AD3: 1272 | AE3: 679 | AF3: 111.85263 | AG3: Yes | AH3: No | AI3: 20221204c | AJ3: 179120 | AK3: 3.8655934 | AL3: 0.50861822 | AM3: 0.015540582 | AN3: 0.0009662185 | AO3: 0.3531913 | AP3: 0.6468087 | AQ3: 0 | AR3: 0.0092811954 | AS3: 0.031550457 | AT3: 0.02904885 | AU3: 0.034250271 | AV3: 0 | AW3: 0.040831653 | AX3: 0.074873442 | AY3: -0.0030779767 | AZ3: 0.0032588947 | BA3: 0.071795465 | BB3: 0.078132336 | BC3: 0.028383619 | BD3: 0.026777689 | BE3: 0.030272359 | BF3: 0 | BG3: 0.0056581699 | BH3: 0.0097644038 | BI3: 0.0091829556 | BJ3: 0.82971733 | BK3: 46337 | BL3: 0.022746401 | BM3: 0.0057159986 | BN3: 0.010432311 | BO3: 448.73286 | BP3: 448.73286 | BQ3: 111.85263 | BR3: 0.80047167 | BS3: 0.80047167 | BT3: 0.19952833 | BU3: 0.45465755 | BV3: 0.37908774 | BW3: 305.71096 | BX3: 3.6502522 | BY3: 0.16157946 | BZ3: 0.016157454 | CA3: 0.64011733 | CB3: 12.323114
A4: Permian_2020 | B4: 22.373772 | C4: 35.02381 | D4: 0 | E4: 57.397582 | F4: 53.968669 | G4: 61.180328 | H4: 31.80234 | I4: 38.645861 | J4: 60.168404 | K4: 53.532429 | L4: 67.318494 | M4: 0 | N4: 18.105876 | O4: 135.67186 | P4: 124.8302 | Q4: 147.11112 | R4: 1000 | S4: 0.050538176 | T4: 8.0919112 | U4: 82.13 | V4: 3397.238 | W4: 17120 | X4: 48890 | Y4: 1.8250769 | Z4: 284 | AA4: 247.603 | AB4: 239 | AC4: 101.245 | AD4: 316 | AE4: 233 | AF4: 40.479648 | AG4: Yes | AH4: No | AI4: 20221204c | AJ4: 26787 | AK4: 2.8557569 | AL4: 0.59175152 | AM4: 0.029906043 | AN4: 0.0015981575 | AO4: 0.53308934 | AP4: 0.46691066 | AQ4: 0 | AR4: 0.0065858711 | AS4: 0.010309496 | AT4: 0.00870703 | AU4: 0.012111223 | AV4: 0 | AW4: 0.016895367 | AX4: 0.039935931 | AY4: -0.0031913181 | AZ4: 0.0033672242 | BA4: 0.036744613 | BB4: 0.043303155 | BC4: 0.017710977 | BD4: 0.015757633 | BE4: 0.019815654 | BF4: 0 | BG4: 0.0053295873 | BH4: 0.010602158 | BI4: 0.0092434017 | BJ4: 0.82919664 | BK4: 9380 | BL4: 0.025479744 | BM4: 0.0059138435 | BN4: 0.01079371 | BO4: 95.192215 | BP4: 95.192215 | BQ4: 40.479648 | BR4: 0.70163463 | BS4: 0.70163463 | BT4: 0.29836537 | BU4: 0.57693794 | BV4: 0.44348412 | BW4: 57.397582 | BX4: 2.1272204 | BY4: 0.36217889 | BZ4: 0.014958183 | CA4: 0.64145542 | CB4: 12.348874
A5: Permian_fall2021 | B5: 30.306 | C5: 35.332186 | D5: 0 | E5: 65.638186 | F5: 61.923953 | G5: 69.861354 | H5: 31.649449 | I5: 39.452821 | J5: 44.134437 | K5: 39.327962 | L5: 49.339199 | M5: 0 | N5: 23.599062 | O5: 133.37169 | P5: 123.03468 | Q5: 144.62584 | R5: 1000 | S5: 0.056321968 | T5: 23.348039 | U5: 78.128 | V5: 4484.25 | W5: 19670 | X5: 94306 | Y5: 1.8250769 | Z5: 334 | AA5: 274.886 | AB5: 232 | AC5: 92.825 | AD5: 368 | AE5: 179 | AF5: 53.905062 | AG5: Yes | AH5: No | AI5: 20221204c | AJ5: 51672 | AK5: 4.7946553 | AL5: 0.45668979 | AM5: 0.025721668 | AN5: 0.001781057 | AO5: 0.70390981 | AP5: 0.29609019 | AQ5: 0 | AR5: 0.0067583208 | AS5: 0.0078791741 | AT5: 0.0060808847 | AU5: 0.0098912903 | AV5: 0 | AW5: 0.014637495 | AX5: 0.02974225 | AY5: -0.0023051797 | AZ5: 0.0025097077 | BA5: 0.027437071 | BB5: 0.032251958 | BC5: 0.0098421001 | BD5: 0.0087702432 | BE5: 0.011002776 | BF5: 0 | BG5: 0.0052626554 | BH5: 0.0064638489 | BI5: 0.0053198251 | BJ5: 0.82664949 | BK5: 10777 | BL5: 0.021527327 | BM5: 0.0047191154 | BN5: 0.0086132504 | BO5: 79.466623 | BP5: 79.466623 | BQ5: 53.905062 | BR5: 0.59582544 | BS5: 0.59582544 | BT5: 0.40417456 | BU5: 0.50785537 | BV5: 0.33091186 | BW5: 65.638186 | BX5: 1.7903951 | BY5: 0.41609446 | BZ5: 0.014806435 | CA5: 0.64802956 | CB5: 12.475435
A6: Permian_summer2021 | B6: 27.894872 | C6: 37.083616 | D6: 0 | E6: 64.978488 | F6: 61.834649 | G6: 68.379499 | H6: 33.95668 | I6: 40.421547 | J6: 45.034612 | K6: 41.362358 | L6: 49.102822 | M6: 0 | N6: 22.547873 | O6: 132.56097 | P6: 123.5925 | Q6: 141.89731 | R6: 1000 | S6: 0.044988881 | T6: 11.813408 | U6: 67.618 | V6: 4284.5048 | W6: 19040 | X6: 91907 | Y6: 1.8250769 | Z6: 416 | AA6: 361.369 | AB6: 296 | AC6: 124.684 | AD6: 477 | AE6: 232 | AF6: 50.442744 | AG6: Yes | AH6: No | AI6: 20221204c | AJ6: 50357 | AK6: 4.8271664 | AL6: 0.45514928 | AM6: 0.020476657 | AN6: 0.0014226733 | AO6: 0.70526178 | AP6: 0.29473822 | AQ6: 0 | AR6: 0.0065106407 | AS6: 0.0086552863 | AT6: 0.0070518027 | AU6: 0.010366967 | AV6: 0 | AW6: 0.015165927 | AX6: 0.030939625 | AY6: -0.0020932342 | AZ6: 0.0021790943 | BA6: 0.028846391 | BB6: 0.033118719 | BC6: 0.010511042 | BD6: 0.0096539413 | BE6: 0.011460559 | BF6: 0 | BG6: 0.0052626554 | BH6: 0.0082610163 | BI6: 0.0071761423 | BJ6: 0.80104396 | BK6: 10432 | BL6: 0.028374233 | BM6: 0.0065485294 | BN6: 0.011952071 | BO6: 82.118228 | BP6: 82.118228 | BQ6: 50.442744 | BR6: 0.61947487 | BS6: 0.61947487 | BT6: 0.38052513 | BU6: 0.50982176 | BV6: 0.33972727 | BW6: 64.978488 | BX6: 1.8659495 | BY6: 0.4107079 | BZ6: 0.014806435 | CA6: 0.64802956 | CB6: 12.475435
A7: San_Joaquin_2016 | B7: 2.5833259 | C7: 2.3916837 | D7: 0 | E7: 4.9750095 | F7: 4.1661412 | G7: 5.8923778 | H7: 1.6039578 | I7: 3.316716 | J7: 4.7855843 | K7: 3.667111 | L7: 6.2559182 | M7: 0 | N7: 1.3815949 | O7: 11.142189 | P7: 9.5308319 | Q7: 13.212094 | R7: 1000 | S7: 0.10282682 | T7: 9 | U7: 41.104 | V7: 149.28349 | W7: 41547 | X7: 81234 | Y7: 1.7471737 | Z7: 77 | AA7: 69.045 | AB7: 40 | AC7: 15.041 | AD7: 48 | AE7: 36 | AF7: 3.9649208 | AG7: Yes | AH7: No | AI7: 20221204c | AJ7: 46494 | AK7: 1.9552546 | AL7: 0.71515197 | AM7: 0.073536804 | AN7: 0.0032516696 | AO7: 0.75007171 | AP7: 0.24992829 | AQ7: 0 | AR7: 0.017304833 | AS7: 0.016021086 | AT7: 0.0086426388 | AU7: 0.024685652 | AV7: 0 | AW7: 0.03332592 | AX7: 0.074637784 | AY7: -0.010793939 | AZ7: 0.013865598 | BA7: 0.063843845 | BB7: 0.088503382 | BC7: 0.032057024 | BD7: 0.024564746 | BE7: 0.041906297 | BF7: 0 | BG7: 0.0092548406 | BH7: 0.0016561277 | BI7: 0.0014850303 | BJ7: 0.98987945 | BK7: 23779 | BL7: 0.0016821565 | BM7: 0.00036202373 | BN7: 0.00063253291 | BO7: 7.177268 | BP7: 7.177268 | BQ7: 3.9649208 | BR7: 0.64414798 | BS7: 0.64414798 | BT7: 0.35585202 | BU7: 0.55349641 | BV7: 0.42949785 | BW7: 4.9750095 | BX7: 1.9063246 | BY7: 0.0062779548 | BZ7: 0.10179783 | CA7: 0.50705036 | CB7: 9.7613973
A8: San_Joaquin_2017 | B8: 2.672634 | C8: 4.4836227 | D8: 0 | E8: 7.1562567 | F8: 6.3872147 | G8: 8.0603015 | H8: 3.7366774 | I8: 5.3829448 | J8: 7.4170192 | K8: 6.1694421 | L8: 8.8375579 | M8: 0 | N8: 1.4567203 | O8: 16.029996 | P8: 14.233217 | Q8: 17.954099 | R8: 1000 | S8: 0.11504144 | T8: 11 | U8: 41.987 | V8: 151.94599 | W8: 40365 | X8: 192459 | Y8: 1.7471737 | Z8: 86 | AA8: 80.015 | AB8: 54 | AC8: 15.949 | AD8: 144 | AE8: 89 | AF8: 4.1293543 | AG8: Yes | AH8: No | AI8: 20221204c | AJ8: 110154 | AK8: 4.7679522 | AL8: 0.45796686 | AM8: 0.052685168 | AN8: 0.0036379298 | AO8: 0.34370242 | AP8: 0.65629758 | AQ8: 0 | AR8: 0.017589368 | AS8: 0.029508002 | AT8: 0.018773906 | AU8: 0.042431853 | AV8: 0 | AW8: 0.04709737 | AX8: 0.10549799 | AY8: -0.011825116 | AZ8: 0.01266307 | BA8: 0.093672869 | BB8: 0.11816106 | BC8: 0.048813523 | BD8: 0.040602861 | BE8: 0.058162493 | BF8: 0 | BG8: 0.0095870926 | BH8: 0.00078072517 | BI8: 0.00072639214 | BJ8: 0.98250454 | BK8: 23103 | BL8: 0.0023373588 | BM8: 0.00039511953 | BN8: 0.00069034325 | BO8: 11.900642 | BP8: 11.900642 | BQ8: 4.1293543 | BR8: 0.74239198 | BS8: 0.74239198 | BT8: 0.25760802 | BU8: 0.55356299 | BV8: 0.46268592 | BW8: 7.1562567 | BX8: 2.6307915 | BY8: 0.0065768945 | BZ8: 0.10202051 | CA8: 0.48039275 | CB8: 9.2482028
A9: San_Joaquin_fall2020 | B9: 1.8921156 | C9: 2.5685247 | D9: 0 | E9: 4.4606403 | F9: 3.8321635 | G9: 5.2698563 | H9: 1.9295777 | I9: 3.3722109 | J9: 3.8247168 | K9: 2.9692827 | L9: 5.037903 | M9: 0 | N9: 1.092702 | O9: 9.3780591 | P9: 8.0771744 | Q9: 11.023999 | R9: 1000 | S9: 0.19377337 | T9: 20.646402 | U9: 38.971856 | V9: 122.54336 | W9: 33090 | X9: 238974 | Y9: 1.995878 | Z9: 48 | AA9: 45.151 | AB9: 27 | AC9: 8.082 | AD9: 63 | AE9: 34 | AF9: 2.9848176 | AG9: Yes | AH9: No | AI9: 20221204c | AJ9: 119733 | AK9: 7.2219675 | AL9: 0.37211076 | AM9: 0.072105157 | AN9: 0.006127652 | AO9: 0.44720469 | AP9: 0.55279531 | AQ9: 0 | AR9: 0.015440376 | AS9: 0.02096013 | AT9: 0.0069480436 | AU9: 0.038584942 | AV9: 0 | AW9: 0.036400506 | AX9: 0.076528496 | AY9: -0.010615709 | AZ9: 0.013431488 | BA9: 0.065912787 | BB9: 0.089959984 | BC9: 0.03121113 | BD9: 0.024230466 | BE9: 0.041111187 | BF9: 0 | BG9: 0.0089168599 | BH9: 0.00040089198 | BI9: 0.00037709737 | BJ9: 0.98438024 | BK9: 16579 | BL9: 0.0016285663 | BM9: 0.00024424297 | BN9: 0.00048748417 | BO9: 6.3932415 | BP9: 6.3932415 | BQ9: 2.9848176 | BR9: 0.68169639 | BS9: 0.68169639 | BT9: 0.31830361 | BU9: 0.52433693 | BV9: 0.40780957 | BW9: 4.4606403 | BX9: 2.3206948 | BY9: 0.0073914808 | BZ9: 0.12332472 | CA9: 0.44973107 | CB9: 8.6579244
A10: San_Joaquin_summer2020 | B10: 1.8128958 | C10: 3.8640125 | D10: 0 | E10: 5.6769083 | F10: 4.9856671 | G10: 6.5499157 | H10: 3.1867883 | I10: 4.7404443 | J10: 4.1744367 | K10: 3.5456758 | L10: 5.0869761 | M10: 0 | N10: 1.0311572 | O10: 10.882502 | P10: 9.7209446 | Q10: 12.273466 | R10: 1000 | S10: 0.14481442 | T10: 23.632192 | U10: 35.437966 | V10: 115.64129 | W10: 31919 | X10: 238393 | Y10: 1.995878 | Z10: 94 | AA10: 90.532 | AB10: 39 | AC10: 13.345 | AD10: 151 | AE10: 65 | AF10: 2.844053 | AG10: Yes | AH10: No | AI10: 20221204c | AJ10: 119442 | AK10: 7.4688594 | AL10: 0.3659088 | AM10: 0.05298887 | AN10: 0.004579434 | AO10: 0.25463775 | AP10: 0.74536225 | AQ10: 0 | AR10: 0.01567689 | AS10: 0.033413778 | AT10: 0.017409111 | AU10: 0.05412627 | AV10: 0 | AW10: 0.049090667 | AX10: 0.094105677 | AY10: -0.010044488 | AZ10: 0.012028263 | BA10: 0.084061189 | BB10: 0.10613394 | BC10: 0.03609815 | BD10: 0.030660984 | BE10: 0.04398927 | BF10: 0 | BG10: 0.0089168599 | BH10: 0.00078699285 | BI10: 0.00075795784 | BJ10: 0.98376497 | BK10: 15992 | BL10: 0.0024387194 | BM10: 0.00041808954 | BN10: 0.00083447974 | BO10: 8.0384492 | BP10: 8.0384492 | BQ10: 2.844053 | BR10: 0.73865113 | BS10: 0.73865113 | BT10: 0.26134887 | BU10: 0.47833682 | BV10: 0.38358089 | BW10: 5.6769083 | BX10: 3.0805834 | BY10: 0.0072311964 | BZ10: 0.12332472 | CA10: 0.44973107 | CB10: 8.6579244
A11: San_Joaquin_fall2021 | B11: 1.7277919 | C11: 1.7508679 | D11: 0 | E11: 3.4786599 | F11: 3.0432302 | G11: 4.0198484 | H11: 1.3185926 | I11: 2.2849205 | J11: 0.78163419 | K11: 0.53911294 | L11: 1.0577359 | M11: 0 | N11: 0.91896709 | O11: 5.1792612 | P11: 4.4983875 | Q11: 5.9263284 | R11: 1000 | S11: 0.10755887 | T11: 15.95883 | U11: 22.777 | V11: 72.563435 | W11: 33418 | X11: 119340 | Y11: 1.995878 | Z11: 47 | AA11: 41.273 | AB11: 35 | AC11: 15.719 | AD11: 17 | AE11: 12 | AF11: 2.646759 | AG11: Yes | AH11: No | AI11: 20221204c | AJ11: 59793 | AK11: 3.5712238 | AL11: 0.52916543 | AM11: 0.056916434 | AN11: 0.00340131 | AO11: 0.42522831 | AP11: 0.57477169 | AQ11: 0 | AR11: 0.023810779 | AS11: 0.024128791 | AT11: 0.012871052 | AU11: 0.038037112 | AV11: 0 | AW11: 0.04793957 | AX11: 0.071375633 | AY11: -0.0093831508 | AZ11: 0.010295367 | BA11: 0.061992482 | BB11: 0.081671 | BC11: 0.010771736 | BD11: 0.0074295399 | BE11: 0.014576706 | BF11: 0 | BG11: 0.012664327 | BH11: 0.00078604519 | BI11: 0.00069026475 | BJ11: 0.96051018 | BK11: 16743 | BL11: 0.0020904258 | BM11: 0.00047037525 | BN11: 0.00093884011 | BO11: 2.5325021 | BP11: 2.5325021 | BQ11: 2.646759 | BR11: 0.48895291 | BS11: 0.48895291 | BT11: 0.51104709 | BU11: 0.32834425 | BV11: 0.15090674 | BW11: 3.4786599 | BX11: 1.9338738 | BY11: 0.0043339566 | BZ11: 0.16816997 | CA11: 0.32980297 | CB11: 6.3491482
A12: Denver_summer2021 | B12: 12.227617 | C12: 2.3034194 | D12: 0 | E12: 14.531036 | F12: 13.813533 | G12: 15.347104 | H12: 1.6350273 | I12: 3.111274 | J12: 0.70542377 | K12: 0.47123359 | L12: 1.0805712 | M12: 0 | N12: 6.6266569 | O12: 21.863117 | P12: 19.900551 | Q12: 23.930671 | R12: 1000 | S12: 0.045356774 | T12: 11.102345 | U12: 74.72 | V12: 1668.1967 | W12: 11671 | X12: 59356 | Y12: 1.6088026 | Z12: 34 | AA12: 27.209 | AB12: 27 | AC12: 8.469 | AD12: 24 | AE12: 9 | AF12: 18.854274 | AG12: Yes | AH12: No | AI12: 20221204c | AJ12: 36894 | AK12: 5.0860215 | AL12: 0.44341553 | AM12: 0.020111898 | AN12: 0.0014343071 | AO12: 0.89945091 | AP12: 0.10054909 | AQ12: 0 | AR12: 0.0073298411 | AS12: 0.001380784 | AT12: 0.0004771904 | AU12: 0.0024729158 | AV12: 0 | AW12: 0.0087106252 | AX12: 0.013105839 | AY12: -0.0011764596 | AZ12: 0.0012393949 | BA12: 0.011929379 | BB12: 0.014345234 | BC12: 0.00042286606 | BD12: 0.00028248083 | BE12: 0.00064774807 | BF12: 0 | BG12: 0.0039723474 | BH12: 0.00092155906 | BI12: 0.00073749119 | BJ12: 0.97650341 | BK12: 7254 | BL12: 0.0037220844 | BM12: 0.00072564476 | BN12: 0.0011674938 | BO12: 3.0088432 | BP12: 3.0088432 | BQ12: 18.854274 | BR12: 0.13761975 | BS12: 0.13761975 | BT12: 0.86238025 | BU12: 0.33536469 | BV12: 0.032265458 | BW12: 14.531036 | BX12: 1.1604572 | BY12: 0.22996922 | BZ12: 0.011624102 | CA12: 0.75166776 | CB12: 14.470609
A13: Denver_fall2021 | B13: 12.323515 | C13: 2.3342154 | D13: 0 | E13: 14.652963 | F13: 13.866967 | G13: 15.5922 | H13: 1.6101647 | I13: 3.2413286 | J13: 2.3407608 | K13: 1.5748146 | L13: 4.086929 | M13: 0 | N13: 6.5448146 | O13: 23.538539 | P13: 21.113583 | Q13: 26.594669 | R13: 1000 | S13: 0.08913732 | T13: 10.160213 | U13: 66.56 | V13: 1647.5937 | W13: 11688 | X13: 67811 | Y13: 1.6088026 | Z13: 40 | AA13: 31.505 | AB13: 33 | AC13: 8.481 | AD13: 29 | AE13: 21 | AF13: 18.86833 | AG13: Yes | AH13: No | AI13: 20221204c | AJ13: 42149 | AK13: 5.8016518 | AL13: 0.41516829 | AM13: 0.037006988 | AN13: 0.0028187696 | AO13: 0.87662603 | AP13: 0.12362122 | AQ13: 0 | AR13: 0.007479705 | AS13: 0.0014167421 | AT13: 0.00035823281 | AU13: 0.0027428755 | AV13: 0 | AW13: 0.0088935536 | AX13: 0.014286616 | AY13: -0.0014718164 | AZ13: 0.0018549051 | BA13: 0.012814799 | BB13: 0.016141521 | BC13: 0.0014207148 | BD13: 0.00095582701 | BE13: 0.0024805442 | BF13: 0 | BG13: 0.0039723474 | BH13: 0.00094901421 | BI13: 0.00074746732 | BJ13: 0.97391463 | BK13: 7265 | BL13: 0.0045423262 | BM13: 0.00072561602 | BN13: 0.0011673778 | BO13: 4.6749762 | BP13: 4.6749762 | BQ13: 18.86833 | BR13: 0.19860503 | BS13: 0.19860503 | BT13: 0.80159702 | BU13: 0.37749019 | BV13: 0.099441022 | BW13: 14.652963 | BX13: 1.158015 | BY13: 0.2267851 | BZ13: 0.011624102 | CA13: 0.75166776 | CB13: 14.470609
... A19: Permian_2019_F2021_Midland | B19: 8.9359119 | C19: 46.347477 | D19: 0 | E19: 55.283389 | F19: 51.74771 | G19: 59.277751 | H19: 42.826449 | I19: 50.351434 | J19: 38.266763 | K19: 31.933277 | L19: 47.581528 | M19: 0 | N19: 4.598136 | O19: 98.148288 | P19: 89.889073 | Q19: 108.48647 | R19: 1000 | S19: 0.10984746 | T19: 16.353134 | U19: 109.159 | V19: 812.65429 | W19: 9209 | X19: 51783 | Y19: 1.8250769 | Z19: 130 | AA19: 124.433 | AB19: 93 | AC19: 49.044 | AD19: 123 | AE19: 76 | AF19: 13.534048 | AG19: Yes | AH19: No | AI19: 20221204c | AJ19: 28373 | AK19: 5.6239841 | AL19: 0.4216751 | AM19: 0.046319939 | AN19: 0.0034736817 | AO19: 0.24043398 | AP19: 0.75956602 | AQ19: 0 | AR19: 0.010995957 | AS19: 0.057032219 | AT19: 0.046757127 | AU19: 0.068716597 | AV19: 0 | AW19: 0.068028176 | AX19: 0.12077496 | AY19: -0.010163258 | AZ19: 0.012721497 | BA19: 0.1106117 | BB19: 0.13349646 | BC19: 0.047088613 | BD19: 0.039295032 | BE19: 0.058550763 | BF19: 0 | BG19: 0.0056581699 | BH19: 0.0045818207 | BI19: 0.0043856131 | BJ19: 0.9223636 | BK19: 5045 | BL19: 0.018434093 | BM19: 0.0053256597 | BN19: 0.0097213082 | BO19: 84.614241 | BP19: 84.614241 | BQ19: 13.534048 | BR19: 0.86210594 | BS19: 0.86210594 | BT19: 0.13789406 | BU19: 0.43673575 | BV19: 0.38988671 | BW19: 55.283389 | BX19: 5.7064419 | BY19: 0.16108113 | BZ19: 0.016157454 | CA19: 0.64011733 | CB19: 12.323114
A20: GHGI 2022 (for 2020) | AI20: 1 | AR20: 0.0048 | AX20: =AR20+BG20 -> 0.0098 | AY20: -0.00196 | AZ20: 0.00205 | BG20: 0.005
A21: GHGI NM 2019
A22: GHGI TX 2021
A23: GHGI CA 2021
A24: GHGI CO 2021
A25: GHGI PA 2021 | U25: Fraction of national gas covered | V25: =V26/V29 -> 0.23420564
A26: Totals excluding repeats | O26: =O3+O7+O13+O14+O15+O16 -> 721.79676 | P26: =P3+P7+P13+P14+P15+P16 -> 680.38551 | Q26: =Q3+Q7+Q13+Q14+Q15+Q16 -> 766.75384 | V26: =V3+V7+V13+V14+V15+V16 -> 19972.262 | W26: =W3+W7+W13+W14+W15+W16 -> 170569 | X26: =X3+X7+X13+X14+X15+X16 -> 549072 | AC26: =AC3+AC7+AC13+AC14+AC15+AC16 -> 601.364 | AI26: 1 | AJ26: =AJ3+AJ7+AJ13+AJ14+AJ15+AJ16 -> 316771 | AK26: =X26/W26 -> 3.2190609 | BK26: =BK3+BK7+BK13+BK14+BK15+BK16 -> 100159 | BN26: =AC26/BK26 -> 0.0060040935
A27: Totals including repeats (no 2019 subcampaigns) | O27: =SUM(O2:O16) -> 1375.458 | P27: =SUM(P2:P16) -> 1285.403 | Q27: =SUM(Q2:Q16) -> 1475.1591 | V27: =SUM(V2:V16) -> 35657.521 | W27: =SUM(W2:W16) -> 398499 | X27: =SUM(X2:X16) -> 1714261 | AC27: =SUM(AC2:AC16) -> 1240.46 | AI27: 1 | AJ27: =SUM(AJ2:AJ16) -> 959573 | AK27: =AJ27/BK26 -> 9.580497 | AX27: =O27/$V27 -> 0.038574135 | AY27: =P27/$V27 -> 0.036048579 | AZ27: =Q27/$V27 -> 0.041370209 | BK27: =SUM(BK2:BK16) -> 228449 | BN27: =AC27/BK27 -> 0.0054299209
A28: Totals excluding high-prod campaigns | O28: =O2+O3+SUM(O7:O13)+O15+O16 -> 897.13677 | P28: =P2+P3+SUM(P7:P13)+P15+P16 -> 846.98463 | Q28: =Q2+Q3+SUM(Q7:Q13)+Q15+Q16 -> 954.26046 | V28: =V2+V3+SUM(V7:V13)+V15+V16 -> 13683.312 | AX28: =O28/$V28 -> 0.065564297 | AY28: =P28/$V28 -> 0.061899093 | AZ28: =Q28/$V28 -> 0.069738995
U29: 2021 US gas prod | V29: 85276.605 | BQ29: Methane fractional loss partial
A30: Permian total | W30: =SUM(W2:W6) -> 162037 | X30: =SUM(X2:X6) -> 643575 | Z30: =SUM(Z2:Z6) -> 3866 | AA30: =SUM(AA2:AA6) -> 3610.87 | AB30: =SUM(AB2:AB6) -> 2358 | AC30: =SUM(AC2:AC6) -> 1060.934 | AD30: =SUM(AD2:AD6) -> 3335 | AE30: =SUM(AE2:AE6) -> 1738 | AJ30: =SUM(AJ2:AJ6) -> 375906 | AK30: =AJ30/BK30 -> 3.9587388 | BK30: =SUM(BK2:BK6) -> 94956 | BQ30: FracLossProd
A31: San Joaquin total | W31: =SUM(W7:W11) -> 180339 | X31: =SUM(X7:X11) -> 870400 | Z31: =SUM(Z7:Z11) -> 352 | AA31: =SUM(AA7:AA11) -> 326.016 | AB31: =SUM(AB7:AB11) -> 195 | AC31: =SUM(AC7:AC11) -> 68.136 | AD31: =SUM(AD7:AD11) -> 423 | AE31: =SUM(AE7:AE11) -> 236 | AJ31: =SUM(AJ7:AJ11) -> 455616 | AK31: =AJ31/BK31 -> 4.73633 | BK31: =SUM(BK7:BK11) -> 96196 | BQ31: Methane fractional loss total
A32: Denver total | W32: =W12+W13 -> 23359 | X32: =X12+X13 -> 127167 | Z32: =Z12+Z13 -> 74 | AA32: =AA12+AA13 -> 58.714 | AB32: =AB12+AB13 -> 60 | AC32: =AC12+AC13 -> 16.95 | AD32: =AD12+AD13 -> 53 | AE32: =AE12+AE13 -> 30 | AJ32: =AJ12+AJ13 -> 79043 | AK32: =AJ32/BK32 -> 5.4441077 | BK32: =BK12+BK13 -> 14519 | BQ32: FracLossP2.5
A33: Per+SJ+DJ | W33: =SUM(W30:W32) -> 365735 | X33: =SUM(X30:X32) -> 1641142 | AJ33: =SUM(AJ30:AJ32) -> 910565 | AK33: =AJ33/BK33 -> 4.4272892 | BK33: =SUM(BK30:BK32) -> 205671 | BQ33: FracLossP97.5
BQ34: FracLossP2.5Full
BQ35: FracLossP97.5Full
BQ36: FracLossMid
BQ37: FracLossMidP2.5
BQ38: FracLossMidP97.5
BQ39: FracLossMidPartial
BQ40: FracLossMidGHGI
BQ41: % aerial
BQ42: % aerial sel
BQ43: Fraction sim retained
BQ44: Sites covered
BQ45: % wells ever emitting
... BQ58: Production/site covered

Sheet By site visit
A1: Scenario | B1: Simulation (t/h) | C1: Aerial (t/h) | D1: Partial (t/h) | E1: Total emissions (t/h) | F1: Total emissions P2.5 | G1: Total emissions P97.5 | H1: Aerial emissions P2.5 | I1: Aerial emissions P97.5 | J1: Aerial midstream emissions (t/h) | K1: Aerial midstream emissions P2.5 | L1: Aerial midstream emissions P97.5 | M1: Midstream partial detect (t/h) | N1: Midstream GHGI below min detect (t/h) | O1: Total emissions + midstream (t/h) | P1: Total emissions + midstream P2.5 | Q1: Total emissions + midstream P97.5 | R1: N | S1: % SDev of MC iterations | T1: Min detected emission | U1: Transition point | V1: Total covered production (t(CH4)/hr) | W1: Wells covered | X1: Well visits | Y1: Wells per site | Z1: # production plumes | AA1: # production plumes sel | AB1: # prod sources overall | AC1: # avg prod sources sim | AD1: # midstream plumes | AE1: # midstream sources | AF1: Total sim emissions | AG1: Stratify by covered prod | AH1: Include repeats | AI1: High prod | AJ1: Well site visits | AK1: Avg visits/well | AL1: SD to SErr factor | AM1: SErr of mean total emissions | AN1: Serr of sample mean | AO1: Simulation % | AP1: Aerial % | AQ1: Partial % | AR1: Methane fractional loss simulation | AS1: Methane fractional loss aerial | AT1: AerialFracLossP2.5 | AU1: AerialFracLossP97.5 | AV1: Methane fractional loss partial | AW1: FracLossProd | AX1: Methane fractional loss total | AY1: FracLossP2.5 | AZ1: FracLossP97.5 | BA1: FracLossP2.5Full | BB1: FracLossP97.5Full | BC1: FracLossMid | BD1: FracLossMidP2.5 | BE1: FracLossMidP97.5 | BF1: FracLossMidPartial | BG1: FracLossMidGHGI | BH1: % aerial | BI1: % aerial sel | BJ1: Fraction sim retained | BK1: Sites covered | BL1: % wells ever emitting | BM1: Avg % wells emitting | BN1: Avg % sites emitting | BO1: Total aerial | BP1: Total aerial+partial emissions | BQ1: Total sim emissions | BR1: Frac aerial | BS1: Frac aerial+partial | BT1: Frac sim | BU1: Frac midstream | BV1: Frac midstream aerial | BW1: Total production emissions | BX1: Total/Sim | BY1: Production/site covered | BZ1: State GHGI
A2: Kairos Permian
A3: Permian_2019 | B3: 296.12135 | C3: 920.28875 | D3: 0 | E3: 1216.4101 | F3: 1199.2861 | G3: 1233.9008 | H3: 903.21532 | I3: 937.77791 | J3: 828.48949 | K3: 809.62931 | L3: 852.68466 | M3: 0 | N3: 281.35125 | O3: 2326.2509 | P3: 2247.4129 | Q3: 2405.9036 | R3: 1000 | S3: 0.0064158762 | T3: 15.029525 | U3: 113 | V3: 81546.389 | W3: 84570 | X3: 326908 | Y3: 1.8250769 | Z3: 1749 | AA3: 1502 | AB3: 1054 | AC3: 483.512 | AD3: 1272 | AE3: 679 | AF3: 577.47261 | AG3: Yes | AH3: Yes | AI3: 20221127b | AJ3: 179120 | AK3: 3.8655934 | AL3: 0.50861822 | AM3: 0.0032632315 | AN3: 0.00020288782 | AO3: 0.26599034 | AP3: 0.73400966 | AQ3: 0 | AR3: 0.0036313239 | AS3: 0.011285463 | AT3: 0.011076092 | AU3: 0.011499932 | AV3: 0 | AW3: 0.014916787 | AX3: 0.028526718 | AY3: -0.00096678715 | AZ3: 0.00097677824 | BA3: 0.027559931 | BB3: 0.029503496 | BC3: 0.010159732 | BD3: 0.0099284508 | BE3: 0.010456437 | BF3: 0 | BG3: 0.0034501988 | BH3: 0.0097644038 | BI3: 0.0083854399 | BJ3: 0.91416876 | BK3: 46337 | BL3: 0.022746401 | BM3: 0.0057172993 | BN3: 0.010434685 | BO3: 1748.7782 | BP3: 1748.7782 | BQ3: 577.47261 | BR3: 0.75175825 | BS3: 0.75175825 | BT3: 0.24824175 | BU3: 0.47709419 | BV3: 0.35614796 | BW3: 1216.4101 | BX3: 3.7552326 | BY3: 1.7598547 | BZ3: 0.011061675
A4: Permian/2020 | AI4: 0.5 | AJ4: =X4/Y4 -> #DIV/0! | AK4: =X4/W4 -> #DIV/0! | AL4: =1/SQRT(AK4) -> #DIV/0! | AM4: =S4/SQRT(AK4) -> #DIV/0! | AN4: =B4/$BV4 -> #DIV/0! | AO4: =C4/$BV4 -> #DIV/0! | AP4: =D4/$BV4 -> #DIV/0! | AQ4: =B4/$V4 -> #DIV/0! | AR4: =C4/$V4 -> #DIV/0! | AS4: =H4/$V4 -> #DIV/0! | AT4: =I4/$V4 -> #DIV/0! | AU4: =D4/$V4 -> #DIV/0! | AV4: =AQ4+AR4+AU4 -> #DIV/0! | AW4: =O4/$V4 -> #DIV/0! | AX4: =P4/$V4-AW4 -> #DIV/0! | AY4: =Q4/$V4-AW4 -> #DIV/0! | AZ4: =$AW4+AX4 -> #DIV/0! | BA4: =$AW4+AY4 -> #DIV/0! | BB4: =J4/$V4 -> #DIV/0! | BC4: =K4/$V4 -> #DIV/0! | BD4: =L4/$V4 -> #DIV/0! | BE4: =M4/$V4 -> #DIV/0! | BF4: =N4/$V4 -> #DIV/0! | BG4: =Z4/X4 -> #DIV/0! | BH4: =AA4/X4 -> #DIV/0! | BI4: =B4/AF4 -> #DIV/0! | BJ4: =W4/Y4 -> #DIV/0! | BK4: =AB4/W4 -> #DIV/0! | BL4: =AC4/W4 -> #DIV/0! | BM4: =AC4/BJ4 -> #DIV/0! | BN4: =C4+J4 -> 0 | BO4: =C4+D4+J4+M4 -> 0 | BP4: =B4+N4 -> 0 | BQ4: =BN4/$O4 -> #DIV/0! | BR4: =BO4/$O4 -> #DIV/0! | BS4: =BP4/$O4 -> #DIV/0! | BT4: =(J4+M4+N4)/O4 -> #DIV/0! | BU4: =J4/$O4 -> #DIV/0! | BV4: =SUM(B4:D4) -> 0 | BW4: =BV4/AF4 -> #DIV/0! | BX4: =V4/X4 -> #DIV/0!
A5: Permian/Summer 2021 | AI5: 0.5 | AJ5: =X5/Y5 -> #DIV/0! | AK5: =X5/W5 -> #DIV/0! | AL5: =1/SQRT(AK5) -> #DIV/0! | AM5: =S5/SQRT(AK5) -> #DIV/0! | AN5: =B5/$BV5 -> #DIV/0! | AO5: =C5/$BV5 -> #DIV/0! | AP5: =D5/$BV5 -> #DIV/0! | AQ5: =B5/$V5 -> #DIV/0! | AR5: =C5/$V5 -> #DIV/0! | AS5: =H5/$V5 -> #DIV/0! | AT5: =I5/$V5 -> #DIV/0! | AU5: =D5/$V5 -> #DIV/0! | AV5: =AQ5+AR5+AU5 -> #DIV/0! | AW5: =O5/$V5 -> #DIV/0! | AX5: =P5/$V5-AW5 -> #DIV/0! | AY5: =Q5/$V5-AW5 -> #DIV/0! | AZ5: =$AW5+AX5 -> #DIV/0! | BA5: =$AW5+AY5 -> #DIV/0! | BB5: =J5/$V5 -> #DIV/0! | BC5: =K5/$V5 -> #DIV/0! | BD5: =L5/$V5 -> #DIV/0! | BE5: =M5/$V5 -> #DIV/0! | BF5: =N5/$V5 -> #DIV/0! | BG5: =Z5/X5 -> #DIV/0! | BH5: =AA5/X5 -> #DIV/0! | BI5: =B5/AF5 -> #DIV/0! | BJ5: =W5/Y5 -> #DIV/0! | BK5: =AB5/W5 -> #DIV/0! | BL5: =AC5/W5 -> #DIV/0! | BM5: =AC5/BJ5 -> #DIV/0! | BN5: =C5+J5 -> 0 | BO5: =C5+D5+J5+M5 -> 0 | BP5: =B5+N5 -> 0 | BQ5: =BN5/$O5 -> #DIV/0! | BR5: =BO5/$O5 -> #DIV/0! | BS5: =BP5/$O5 -> #DIV/0! | BT5: =(J5+M5+N5)/O5 -> #DIV/0! | BU5: =J5/$O5 -> #DIV/0! | BV5: =SUM(B5:D5) -> 0 | BW5: =BV5/AF5 -> #DIV/0! | BX5: =V5/X5 -> #DIV/0!
A6: Permian/Fall 2021 | AI6: 0.5 | AJ6: =X6/Y6 -> #DIV/0! | AK6: =X6/W6 -> #DIV/0! | AL6: =1/SQRT(AK6) -> #DIV/0! | AM6: =S6/SQRT(AK6) -> #DIV/0! | AN6: =B6/$BV6 -> #DIV/0! | AO6: =C6/$BV6 -> #DIV/0! | AP6: =D6/$BV6 -> #DIV/0! | AQ6: =B6/$V6 -> #DIV/0! | AR6: =C6/$V6 -> #DIV/0! | AS6: =H6/$V6 -> #DIV/0! | AT6: =I6/$V6 -> #DIV/0! | AU6: =D6/$V6 -> #DIV/0! | AV6: =AQ6+AR6+AU6 -> #DIV/0! | AW6: =O6/$V6 -> #DIV/0! | AX6: =P6/$V6-AW6 -> #DIV/0! | AY6: =Q6/$V6-AW6 -> #DIV/0! | AZ6: =$AW6+AX6 -> #DIV/0! | BA6: =$AW6+AY6 -> #DIV/0! | BB6: =J6/$V6 -> #DIV/0! | BC6: =K6/$V6 -> #DIV/0! | BD6: =L6/$V6 -> #DIV/0! | BE6: =M6/$V6 -> #DIV/0! | BF6: =N6/$V6 -> #DIV/0! | BG6: =Z6/X6 -> #DIV/0! | BH6: =AA6/X6 -> #DIV/0! | BI6: =B6/AF6 -> #DIV/0! | BJ6: =W6/Y6 -> #DIV/0! | BK6: =AB6/W6 -> #DIV/0! | BL6: =AC6/W6 -> #DIV/0! | BM6: =AC6/BJ6 -> #DIV/0! | BN6: =C6+J6 -> 0 | BO6: =C6+D6+J6+M6 -> 0 | BP6: =B6+N6 -> 0 | BQ6: =BN6/$O6 -> #DIV/0! | BR6: =BO6/$O6 -> #DIV/0! | BS6: =BP6/$O6 -> #DIV/0! | BT6: =(J6+M6+N6)/O6 -> #DIV/0! | BU6: =J6/$O6 -> #DIV/0! | BV6: =SUM(B6:D6) -> 0 | BW6: =BV6/AF6 -> #DIV/0! | BX6: =V6/X6 -> #DIV/0!
A7: San Joaquin/2016 | AI7: 1 | AJ7: =X7/Y7 -> #DIV/0! | AK7: =X7/W7 -> #DIV/0! | AL7: =1/SQRT(AK7) -> #DIV/0! | AM7: =S7/SQRT(AK7) -> #DIV/0! | AN7: =B7/$BV7 -> #DIV/0! | AO7: =C7/$BV7 -> #DIV/0! | AP7: =D7/$BV7 -> #DIV/0! | AQ7: =B7/$V7 -> #DIV/0! | AR7: =C7/$V7 -> #DIV/0! | AS7: =H7/$V7 -> #DIV/0! | AT7: =I7/$V7 -> #DIV/0! | AU7: =D7/$V7 -> #DIV/0! | AV7: =AQ7+AR7+AU7 -> #DIV/0! | AW7: =O7/$V7 -> #DIV/0! | AX7: =P7/$V7-AW7 -> #DIV/0! | AY7: =Q7/$V7-AW7 -> #DIV/0! | AZ7: =$AW7+AX7 -> #DIV/0! | BA7: =$AW7+AY7 -> #DIV/0! | BB7: =J7/$V7 -> #DIV/0! | BC7: =K7/$V7 -> #DIV/0! | BD7: =L7/$V7 -> #DIV/0! | BE7: =M7/$V7 -> #DIV/0! | BF7: =N7/$V7 -> #DIV/0! | BG7: =Z7/X7 -> #DIV/0! | BH7: =AA7/X7 -> #DIV/0! | BI7: =B7/AF7 -> #DIV/0! | BJ7: =W7/Y7 -> #DIV/0! | BK7: =AB7/W7 -> #DIV/0! | BL7: =AC7/W7 -> #DIV/0! | BM7: =AC7/BJ7 -> #DIV/0! | BN7: =C7+J7 -> 0 | BO7: =C7+D7+J7+M7 -> 0 | BP7: =B7+N7 -> 0 | BQ7: =BN7/$O7 -> #DIV/0! | BR7: =BO7/$O7 -> #DIV/0! | BS7: =BP7/$O7 -> #DIV/0! | BT7: =(J7+M7+N7)/O7 -> #DIV/0! | BU7: =J7/$O7 -> #DIV/0! | BV7: =SUM(B7:D7) -> 0 | BW7: =BV7/AF7 -> #DIV/0! | BX7: =V7/X7 -> #DIV/0!
A8: San Joaquin/2017 | AI8: 1 | AJ8: =X8/Y8 -> #DIV/0! | AK8: =X8/W8 -> #DIV/0! | AL8: =1/SQRT(AK8) -> #DIV/0! | AM8: =S8/SQRT(AK8) -> #DIV/0! | AN8: =B8/$BV8 -> #DIV/0! | AO8: =C8/$BV8 -> #DIV/0! | AP8: =D8/$BV8 -> #DIV/0! | AQ8: =B8/$V8 -> #DIV/0! | AR8: =C8/$V8 -> #DIV/0! | AS8: =H8/$V8 -> #DIV/0! | AT8: =I8/$V8 -> #DIV/0! | AU8: =D8/$V8 -> #DIV/0! | AV8: =AQ8+AR8+AU8 -> #DIV/0! | AW8: =O8/$V8 -> #DIV/0! | AX8: =P8/$V8-AW8 -> #DIV/0! | AY8: =Q8/$V8-AW8 -> #DIV/0! | AZ8: =$AW8+AX8 -> #DIV/0! | BA8: =$AW8+AY8 -> #DIV/0! | BB8: =J8/$V8 -> #DIV/0! | BC8: =K8/$V8 -> #DIV/0! | BD8: =L8/$V8 -> #DIV/0! | BE8: =M8/$V8 -> #DIV/0! | BF8: =N8/$V8 -> #DIV/0! | BG8: =Z8/X8 -> #DIV/0! | BH8: =AA8/X8 -> #DIV/0! | BI8: =B8/AF8 -> #DIV/0! | BJ8: =W8/Y8 -> #DIV/0! | BK8: =AB8/W8 -> #DIV/0! | BL8: =AC8/W8 -> #DIV/0! | BM8: =AC8/BJ8 -> #DIV/0! | BN8: =C8+J8 -> 0 | BO8: =C8+D8+J8+M8 -> 0 | BP8: =B8+N8 -> 0 | BQ8: =BN8/$O8 -> #DIV/0! | BR8: =BO8/$O8 -> #DIV/0! | BS8: =BP8/$O8 -> #DIV/0! | BT8: =(J8+M8+N8)/O8 -> #DIV/0! | BU8: =J8/$O8 -> #DIV/0! | BV8: =SUM(B8:D8) -> 0 | BW8: =BV8/AF8 -> #DIV/0! | BX8: =V8/X8 -> #DIV/0!
A9: San Joaquin/2016-2017 | AI9: 0.5
A10: San Joaquin/COVID 2020 | AI10: 1 | AJ10: =X10/Y10 -> #DIV/0! | AK10: =X10/W10 -> #DIV/0! | AL10: =1/SQRT(AK10) -> #DIV/0! | AM10: =S10/SQRT(AK10) -> #DIV/0! | AN10: =B10/$BV10 -> #DIV/0! | AO10: =C10/$BV10 -> #DIV/0! | AP10: =D10/$BV10 -> #DIV/0! | AQ10: =B10/$V10 -> #DIV/0! | AR10: =C10/$V10 -> #DIV/0! | AS10: =H10/$V10 -> #DIV/0! | AT10: =I10/$V10 -> #DIV/0! | AU10: =D10/$V10 -> #DIV/0! | AV10: =AQ10+AR10+AU10 -> #DIV/0! | AW10: =O10/$V10 -> #DIV/0! | AX10: =P10/$V10-AW10 -> #DIV/0! | AY10: =Q10/$V10-AW10 -> #DIV/0! | AZ10: =$AW10+AX10 -> #DIV/0! | BA10: =$AW10+AY10 -> #DIV/0! | BB10: =J10/$V10 -> #DIV/0! | BC10: =K10/$V10 -> #DIV/0! | BD10: =L10/$V10 -> #DIV/0! | BE10: =M10/$V10 -> #DIV/0! | BF10: =N10/$V10 -> #DIV/0! | BG10: =Z10/X10 -> #DIV/0! | BH10: =AA10/X10 -> #DIV/0! | BI10: =B10/AF10 -> #DIV/0! | BJ10: =W10/Y10 -> #DIV/0! | BK10: =AB10/W10 -> #DIV/0! | BL10: =AC10/W10 -> #DIV/0! | BM10: =AC10/BJ10 -> #DIV/0! | BN10: =C10+J10 -> 0 | BO10: =C10+D10+J10+M10 -> 0 | BP10: =B10+N10 -> 0 | BQ10: =BN10/$O10 -> #DIV/0! | BR10: =BO10/$O10 -> #DIV/0! | BS10: =BP10/$O10 -> #DIV/0! | BT10: =(J10+M10+N10)/O10 -> #DIV/0! | BU10: =J10/$O10 -> #DIV/0! | BV10: =SUM(B10:D10) -> 0 | BW10: =BV10/AF10 -> #DIV/0! | BX10: =V10/X10 -> #DIV/0!
A11: San Joaquin/2020 | AI11: 1 | AJ11: =X11/Y11 -> #DIV/0! | AK11: =X11/W11 -> #DIV/0! | AL11: =1/SQRT(AK11) -> #DIV/0! | AM11: =S11/SQRT(AK11) -> #DIV/0! | AN11: =B11/$BV11 -> #DIV/0! | AO11: =C11/$BV11 -> #DIV/0! | AP11: =D11/$BV11 -> #DIV/0! | AQ11: =B11/$V11 -> #DIV/0! | AR11: =C11/$V11 -> #DIV/0! | AS11: =H11/$V11 -> #DIV/0! | AT11: =I11/$V11 -> #DIV/0! | AU11: =D11/$V11 -> #DIV/0! | AV11: =AQ11+AR11+AU11 -> #DIV/0! | AW11: =O11/$V11 -> #DIV/0! | AX11: =P11/$V11-AW11 -> #DIV/0! | AY11: =Q11/$V11-AW11 -> #DIV/0! | AZ11: =$AW11+AX11 -> #DIV/0! | BA11: =$AW11+AY11 -> #DIV/0! | BB11: =J11/$V11 -> #DIV/0! | BC11: =K11/$V11 -> #DIV/0! | BD11: =L11/$V11 -> #DIV/0! | BE11: =M11/$V11 -> #DIV/0! | BF11: =N11/$V11 -> #DIV/0! | BG11: =Z11/X11 -> #DIV/0! | BH11: =AA11/X11 -> #DIV/0! | BI11: =B11/AF11 -> #DIV/0! | BJ11: =W11/Y11 -> #DIV/0! | BK11: =AB11/W11 -> #DIV/0! | BL11: =AC11/W11 -> #DIV/0! | BM11: =AC11/BJ11 -> #DIV/0! | BN11: =C11+J11 -> 0 | BO11: =C11+D11+J11+M11 -> 0 | BP11: =B11+N11 -> 0 | BQ11: =BN11/$O11 -> #DIV/0! | BR11: =BO11/$O11 -> #DIV/0! | BS11: =BP11/$O11 -> #DIV/0! | BT11: =(J11+M11+N11)/O11 -> #DIV/0! | BU11: =J11/$O11 -> #DIV/0! | BV11: =SUM(B11:D11) -> 0 | BW11: =BV11/AF11 -> #DIV/0! | BX11: =V11/X11 -> #DIV/0!
A12: San Joaquin/Fall 2021 | AI12: 1 | AJ12: =X12/Y12 -> #DIV/0! | AK12: =X12/W12 -> #DIV/0! | AL12: =1/SQRT(AK12) -> #DIV/0! | AM12: =S12/SQRT(AK12) -> #DIV/0! | AN12: =B12/$BV12 -> #DIV/0! | AO12: =C12/$BV12 -> #DIV/0! | AP12: =D12/$BV12 -> #DIV/0! | AQ12: =B12/$V12 -> #DIV/0! | AR12: =C12/$V12 -> #DIV/0! | AS12: =H12/$V12 -> #DIV/0! | AT12: =I12/$V12 -> #DIV/0! | AU12: =D12/$V12 -> #DIV/0! | AV12: =AQ12+AR12+AU12 -> #DIV/0! | AW12: =O12/$V12 -> #DIV/0! | AX12: =P12/$V12-AW12 -> #DIV/0! | AY12: =Q12/$V12-AW12 -> #DIV/0! | AZ12: =$AW12+AX12 -> #DIV/0! | BA12: =$AW12+AY12 -> #DIV/0! | BB12: =J12/$V12 -> #DIV/0! | BC12: =K12/$V12 -> #DIV/0! | BD12: =L12/$V12 -> #DIV/0! | BE12: =M12/$V12 -> #DIV/0! | BF12: =N12/$V12 -> #DIV/0! | BG12: =Z12/X12 -> #DIV/0! | BH12: =AA12/X12 -> #DIV/0! | BI12: =B12/AF12 -> #DIV/0! | BJ12: =W12/Y12 -> #DIV/0! | BK12: =AB12/W12 -> #DIV/0! | BL12: =AC12/W12 -> #DIV/0! | BM12: =AC12/BJ12 -> #DIV/0! | BN12: =C12+J12 -> 0 | BO12: =C12+D12+J12+M12 -> 0 | BP12: =B12+N12 -> 0 | BQ12: =BN12/$O12 -> #DIV/0! | BR12: =BO12/$O12 -> #DIV/0! | BS12: =BP12/$O12 -> #DIV/0! | BT12: =(J12+M12+N12)/O12 -> #DIV/0! | BU12: =J12/$O12 -> #DIV/0! | BV12: =SUM(B12:D12) -> 0 | BW12: =BV12/AF12 -> #DIV/0! | BX12: =V12/X12 -> #DIV/0!
A13: DJ/Summer 2021 | AI13: 1 | AJ13: =X13/Y13 -> #DIV/0! | AK13: =X13/W13 -> #DIV/0! | AL13: =1/SQRT(AK13) -> #DIV/0! | AM13: =S13/SQRT(AK13) -> #DIV/0! | AN13: =B13/$BV13 -> #DIV/0! | AO13: =C13/$BV13 -> #DIV/0! | AP13: =D13/$BV13 -> #DIV/0! | AQ13: =B13/$V13 -> #DIV/0! | AR13: =C13/$V13 -> #DIV/0! | AS13: =H13/$V13 -> #DIV/0! | AT13: =I13/$V13 -> #DIV/0! | AU13: =D13/$V13 -> #DIV/0! | AV13: =AQ13+AR13+AU13 -> #DIV/0! | AW13: =O13/$V13 -> #DIV/0! | AX13: =P13/$V13-AW13 -> #DIV/0! | AY13: =Q13/$V13-AW13 -> #DIV/0! | AZ13: =$AW13+AX13 -> #DIV/0! | BA13: =$AW13+AY13 -> #DIV/0! | BB13: =J13/$V13 -> #DIV/0! | BC13: =K13/$V13 -> #DIV/0! | BD13: =L13/$V13 -> #DIV/0! | BE13: =M13/$V13 -> #DIV/0! | BF13: =N13/$V13 -> #DIV/0! | BG13: =Z13/X13 -> #DIV/0! | BH13: =AA13/X13 -> #DIV/0! | BI13: =B13/AF13 -> #DIV/0! | BJ13: =W13/Y13 -> #DIV/0! | BK13: =AB13/W13 -> #DIV/0! | BL13: =AC13/W13 -> #DIV/0! | BM13: =AC13/BJ13 -> #DIV/0! | BN13: =C13+J13 -> 0 | BO13: =C13+D13+J13+M13 -> 0 | BP13: =B13+N13 -> 0 | BQ13: =BN13/$O13 -> #DIV/0! | BR13: =BO13/$O13 -> #DIV/0! | BS13: =BP13/$O13 -> #DIV/0! | BT13: =(J13+M13+N13)/O13 -> #DIV/0! | BU13: =J13/$O13 -> #DIV/0! | BV13: =SUM(B13:D13) -> 0 | BW13: =BV13/AF13 -> #DIV/0! | BX13: =V13/X13 -> #DIV/0!
A14: DJ/Fall 2021 | AI14: 1 | AJ14: =X14/Y14 -> #DIV/0! | AK14: =X14/W14 -> #DIV/0! | AL14: =1/SQRT(AK14) -> #DIV/0! | AM14: =S14/SQRT(AK14) -> #DIV/0! | AN14: =B14/$BV14 -> #DIV/0! | AO14: =C14/$BV14 -> #DIV/0! | AP14: =D14/$BV14 -> #DIV/0! | AQ14: =B14/$V14 -> #DIV/0! | AR14: =C14/$V14 -> #DIV/0! | AS14: =H14/$V14 -> #DIV/0! | AT14: =I14/$V14 -> #DIV/0! | AU14: =D14/$V14 -> #DIV/0! | AV14: =AQ14+AR14+AU14 -> #DIV/0! | AW14: =O14/$V14 -> #DIV/0! | AX14: =P14/$V14-AW14 -> #DIV/0! | AY14: =Q14/$V14-AW14 -> #DIV/0! | AZ14: =$AW14+AX14 -> #DIV/0! | BA14: =$AW14+AY14 -> #DIV/0! | BB14: =J14/$V14 -> #DIV/0! | BC14: =K14/$V14 -> #DIV/0! | BD14: =L14/$V14 -> #DIV/0! | BE14: =M14/$V14 -> #DIV/0! | BF14: =N14/$V14 -> #DIV/0! | BG14: =Z14/X14 -> #DIV/0! | BH14: =AA14/X14 -> #DIV/0! | BI14: =B14/AF14 -> #DIV/0! | BJ14: =W14/Y14 -> #DIV/0! | BK14: =AB14/W14 -> #DIV/0! | BL14: =AC14/W14 -> #DIV/0! | BM14: =AC14/BJ14 -> #DIV/0! | BN14: =C14+J14 -> 0 | BO14: =C14+D14+J14+M14 -> 0 | BP14: =B14+N14 -> 0 | BQ14: =BN14/$O14 -> #DIV/0! | BR14: =BO14/$O14 -> #DIV/0! | BS14: =BP14/$O14 -> #DIV/0! | BT14: =(J14+M14+N14)/O14 -> #DIV/0! | BU14: =J14/$O14 -> #DIV/0! | BV14: =SUM(B14:D14) -> 0 | BW14: =BV14/AF14 -> #DIV/0! | BX14: =V14/X14 -> #DIV/0!
A15: Appalachia/2021 | AI15: 0.5 | AJ15: =X15/Y15 -> #DIV/0! | AK15: =X15/W15 -> #DIV/0! | AL15: =1/SQRT(AK15) -> #DIV/0! | AM15: =S15/SQRT(AK15) -> #DIV/0! | AN15: =B15/$BV15 -> #DIV/0! | AO15: =C15/$BV15 -> #DIV/0! | AP15: =D15/$BV15 -> #DIV/0! | AQ15: =B15/$V15 -> #DIV/0! | AR15: =C15/$V15 -> #DIV/0! | AS15: =H15/$V15 -> #DIV/0! | AT15: =I15/$V15 -> #DIV/0! | AU15: =D15/$V15 -> #DIV/0! | AV15: =AQ15+AR15+AU15 -> #DIV/0! | AW15: =O15/$V15 -> #DIV/0! | AX15: =P15/$V15-AW15 -> #DIV/0! | AY15: =Q15/$V15-AW15 -> #DIV/0! | AZ15: =$AW15+AX15 -> #DIV/0! | BA15: =$AW15+AY15 -> #DIV/0! | BB15: =J15/$V15 -> #DIV/0! | BC15: =K15/$V15 -> #DIV/0! | BD15: =L15/$V15 -> #DIV/0! | BE15: =M15/$V15 -> #DIV/0! | BF15: =N15/$V15 -> #DIV/0! | BG15: =Z15/X15 -> #DIV/0! | BH15: =AA15/X15 -> #DIV/0! | BI15: =B15/AF15 -> #DIV/0! | BJ15: =W15/Y15 -> #DIV/0! | BK15: =AB15/W15 -> #DIV/0! | BL15: =AC15/W15 -> #DIV/0! | BM15: =AC15/BJ15 -> #DIV/0! | BN15: =C15+J15 -> 0 | BO15: =C15+D15+J15+M15 -> 0 | BP15: =B15+N15 -> 0 | BQ15: =BN15/$O15 -> #DIV/0! | BR15: =BO15/$O15 -> #DIV/0! | BS15: =BP15/$O15 -> #DIV/0! | BT15: =(J15+M15+N15)/O15 -> #DIV/0! | BU15: =J15/$O15 -> #DIV/0! | BV15: =SUM(B15:D15) -> 0 | BW15: =BV15/AF15 -> #DIV/0! | BX15: =V15/X15 -> #DIV/0!
A16: Uinta/2020 | AI16: 1 | AJ16: =X16/Y16 -> #DIV/0! | AK16: =X16/W16 -> #DIV/0! | AL16: =1/SQRT(AK16) -> #DIV/0! | AM16: =S16/SQRT(AK16) -> #DIV/0! | AN16: =B16/$BV16 -> #DIV/0! | AO16: =C16/$BV16 -> #DIV/0! | AP16: =D16/$BV16 -> #DIV/0! | AQ16: =B16/$V16 -> #DIV/0! | AR16: =C16/$V16 -> #DIV/0! | AS16: =H16/$V16 -> #DIV/0! | AT16: =I16/$V16 -> #DIV/0! | AU16: =D16/$V16 -> #DIV/0! | AV16: =AQ16+AR16+AU16 -> #DIV/0! | AW16: =O16/$V16 -> #DIV/0! | AX16: =P16/$V16-AW16 -> #DIV/0! | AY16: =Q16/$V16-AW16 -> #DIV/0! | AZ16: =$AW16+AX16 -> #DIV/0! | BA16: =$AW16+AY16 -> #DIV/0! | BB16: =J16/$V16 -> #DIV/0! | BC16: =K16/$V16 -> #DIV/0! | BD16: =L16/$V16 -> #DIV/0! | BE16: =M16/$V16 -> #DIV/0! | BF16: =N16/$V16 -> #DIV/0! | BG16: =Z16/X16 -> #DIV/0! | BH16: =AA16/X16 -> #DIV/0! | BI16: =B16/AF16 -> #DIV/0! | BJ16: =W16/Y16 -> #DIV/0! | BK16: =AB16/W16 -> #DIV/0! | BL16: =AC16/W16 -> #DIV/0! | BM16: =AC16/BJ16 -> #DIV/0! | BN16: =C16+J16 -> 0 | BO16: =C16+D16+J16+M16 -> 0 | BP16: =B16+N16 -> 0 | BQ16: =BN16/$O16 -> #DIV/0! | BR16: =BO16/$O16 -> #DIV/0! | BS16: =BP16/$O16 -> #DIV/0! | BT16: =(J16+M16+N16)/O16 -> #DIV/0! | BU16: =J16/$O16 -> #DIV/0! | BV16: =SUM(B16:D16) -> 0 | BW16: =BV16/AF16 -> #DIV/0! | BX16: =V16/X16 -> #DIV/0!
A17: Kairos Barnett | AI17: 1 | AJ17: =X17/Y17 -> #DIV/0! | AK17: =X17/W17 -> #DIV/0! | AL17: =1/SQRT(AK17) -> #DIV/0! | AM17: =S17/SQRT(AK17) -> #DIV/0! | AN17: =B17/$BV17 -> #DIV/0! | AO17: =C17/$BV17 -> #DIV/0! | AP17: =D17/$BV17 -> #DIV/0! | AQ17: =B17/$V17 -> #DIV/0! | AR17: =C17/$V17 -> #DIV/0! | AS17: =H17/$V17 -> #DIV/0! | AT17: =I17/$V17 -> #DIV/0! | AU17: =D17/$V17 -> #DIV/0! | AV17: =AQ17+AR17+AU17 -> #DIV/0! | AW17: =O17/$V17 -> #DIV/0! | AX17: =P17/$V17-AW17 -> #DIV/0! | AY17: =Q17/$V17-AW17 -> #DIV/0! | AZ17: =$AW17+AX17 -> #DIV/0! | BA17: =$AW17+AY17 -> #DIV/0! | BB17: =J17/$V17 -> #DIV/0! | BC17: =K17/$V17 -> #DIV/0! | BD17: =L17/$V17 -> #DIV/0! | BE17: =M17/$V17 -> #DIV/0! | BF17: =N17/$V17 -> #DIV/0! | BG17: =Z17/X17 -> #DIV/0! | BH17: =AA17/X17 -> #DIV/0! | BI17: =B17/AF17 -> #DIV/0! | BJ17: =W17/Y17 -> #DIV/0! | BK17: =AB17/W17 -> #DIV/0! | BL17: =AC17/W17 -> #DIV/0! | BM17: =AC17/BJ17 -> #DIV/0! | BN17: =C17+J17 -> 0 | BO17: =C17+D17+J17+M17 -> 0 | BP17: =B17+N17 -> 0 | BQ17: =BN17/$O17 -> #DIV/0! | BR17: =BO17/$O17 -> #DIV/0! | BS17: =BP17/$O17 -> #DIV/0! | BT17: =(J17+M17+N17)/O17 -> #DIV/0! | BU17: =J17/$O17 -> #DIV/0! | BV17: =SUM(B17:D17) -> 0 | BW17: =BV17/AF17 -> #DIV/0! | BX17: =V17/X17 -> #DIV/0!
A18: Permian/2019 w/2021 bounds | AI18: 0.5 | AJ18: =X18/Y18 -> #DIV/0! | AK18: =X18/W18 -> #DIV/0! | AL18: =1/SQRT(AK18) -> #DIV/0! | AM18: =S18/SQRT(AK18) -> #DIV/0! | AN18: =B18/$BV18 -> #DIV/0! | AO18: =C18/$BV18 -> #DIV/0! | AP18: =D18/$BV18 -> #DIV/0! | AQ18: =B18/$V18 -> #DIV/0! | AR18: =C18/$V18 -> #DIV/0! | AS18: =H18/$V18 -> #DIV/0! | AT18: =I18/$V18 -> #DIV/0! | AU18: =D18/$V18 -> #DIV/0! | AV18: =AQ18+AR18+AU18 -> #DIV/0! | AW18: =O18/$V18 -> #DIV/0! | AX18: =P18/$V18-AW18 -> #DIV/0! | AY18: =Q18/$V18-AW18 -> #DIV/0! | AZ18: =$AW18+AX18 -> #DIV/0! | BA18: =$AW18+AY18 -> #DIV/0! | BB18: =J18/$V18 -> #DIV/0! | BC18: =K18/$V18 -> #DIV/0! | BD18: =L18/$V18 -> #DIV/0! | BE18: =M18/$V18 -> #DIV/0! | BF18: =N18/$V18 -> #DIV/0! | BG18: =Z18/X18 -> #DIV/0! | BH18: =AA18/X18 -> #DIV/0! | BI18: =B18/AF18 -> #DIV/0! | BJ18: =W18/Y18 -> #DIV/0! | BK18: =AB18/W18 -> #DIV/0! | BL18: =AC18/W18 -> #DIV/0! | BM18: =AC18/BJ18 -> #DIV/0! | BN18: =C18+J18 -> 0 | BO18: =C18+D18+J18+M18 -> 0 | BP18: =B18+N18 -> 0 | BQ18: =BN18/$O18 -> #DIV/0! | BR18: =BO18/$O18 -> #DIV/0! | BS18: =BP18/$O18 -> #DIV/0! | BT18: =(J18+M18+N18)/O18 -> #DIV/0! | BU18: =J18/$O18 -> #DIV/0! | BV18: =SUM(B18:D18) -> 0 | BW18: =BV18/AF18 -> #DIV/0! | BX18: =V18/X18 -> #DIV/0!
A19: Midland_2019_F2021_bounds | AI19: 0.5 | AJ19: =X19/Y19 -> #DIV/0! | AK19: =X19/W19 -> #DIV/0! | AL19: =1/SQRT(AK19) -> #DIV/0! | AM19: =S19/SQRT(AK19) -> #DIV/0! | AN19: =B19/$BV19 -> #DIV/0! | AO19: =C19/$BV19 -> #DIV/0! | AP19: =D19/$BV19 -> #DIV/0! | AQ19: =B19/$V19 -> #DIV/0! | AR19: =C19/$V19 -> #DIV/0! | AS19: =H19/$V19 -> #DIV/0! | AT19: =I19/$V19 -> #DIV/0! | AU19: =D19/$V19 -> #DIV/0! | AV19: =AQ19+AR19+AU19 -> #DIV/0! | AW19: =O19/$V19 -> #DIV/0! | AX19: =P19/$V19-AW19 -> #DIV/0! | AY19: =Q19/$V19-AW19 -> #DIV/0! | AZ19: =$AW19+AX19 -> #DIV/0! | BA19: =$AW19+AY19 -> #DIV/0! | BB19: =J19/$V19 -> #DIV/0! | BC19: =K19/$V19 -> #DIV/0! | BD19: =L19/$V19 -> #DIV/0! | BE19: =M19/$V19 -> #DIV/0! | BF19: =N19/$V19 -> #DIV/0! | BG19: =Z19/X19 -> #DIV/0! | BH19: =AA19/X19 -> #DIV/0! | BI19: =B19/AF19 -> #DIV/0! | BJ19: =W19/Y19 -> #DIV/0! | BK19: =AB19/W19 -> #DIV/0! | BL19: =AC19/W19 -> #DIV/0! | BM19: =AC19/BJ19 -> #DIV/0! | BN19: =C19+J19 -> 0 | BO19: =C19+D19+J19+M19 -> 0 | BP19: =B19+N19 -> 0 | BQ19: =BN19/$O19 -> #DIV/0! | BR19: =BO19/$O19 -> #DIV/0! | BS19: =BP19/$O19 -> #DIV/0! | BT19: =(J19+M19+N19)/O19 -> #DIV/0! | BU19: =J19/$O19 -> #DIV/0! | BV19: =SUM(B19:D19) -> 0 | BW19: =BV19/AF19 -> #DIV/0! | BX19: =V19/X19 -> #DIV/0!
A20: Delaware_2019_F2021_bounds | AI20: 0.5 | AJ20: =X20/Y20 -> #DIV/0! | AK20: =X20/W20 -> #DIV/0! | AL20: =1/SQRT(AK20) -> #DIV/0! | AM20: =S20/SQRT(AK20) -> #DIV/0! | AN20: =B20/$BV20 -> #DIV/0! | AO20: =C20/$BV20 -> #DIV/0! | AP20: =D20/$BV20 -> #DIV/0! | AQ20: =B20/$V20 -> #DIV/0! | AR20: =C20/$V20 -> #DIV/0! | AS20: =H20/$V20 -> #DIV/0! | AT20: =I20/$V20 -> #DIV/0! | AU20: =D20/$V20 -> #DIV/0! | AV20: =AQ20+AR20+AU20 -> #DIV/0! | AW20: =O20/$V20 -> #DIV/0! | AX20: =P20/$V20-AW20 -> #DIV/0! | AY20: =Q20/$V20-AW20 -> #DIV/0! | AZ20: =$AW20+AX20 -> #DIV/0! | BA20: =$AW20+AY20 -> #DIV/0! | BB20: =J20/$V20 -> #DIV/0! | BC20: =K20/$V20 -> #DIV/0! | BD20: =L20/$V20 -> #DIV/0! | BE20: =M20/$V20 -> #DIV/0! | BF20: =N20/$V20 -> #DIV/0! | BG20: =Z20/X20 -> #DIV/0! | BH20: =AA20/X20 -> #DIV/0! | BI20: =B20/AF20 -> #DIV/0! | BJ20: =W20/Y20 -> #DIV/0! | BK20: =AB20/W20 -> #DIV/0! | BL20: =AC20/W20 -> #DIV/0! | BM20: =AC20/BJ20 -> #DIV/0! | BN20: =C20+J20 -> 0 | BO20: =C20+D20+J20+M20 -> 0 | BP20: =B20+N20 -> 0 | BQ20: =BN20/$O20 -> #DIV/0! | BR20: =BO20/$O20 -> #DIV/0! | BS20: =BP20/$O20 -> #DIV/0! | BT20: =(J20+M20+N20)/O20 -> #DIV/0! | BU20: =J20/$O20 -> #DIV/0! | BV20: =SUM(B20:D20) -> 0 | BW20: =BV20/AF20 -> #DIV/0! | BX20: =V20/X20 -> #DIV/0!
A21: GHGI 2022 (for 2020) | AI21: 1 | AQ21: 0.0048 | AW21: =AQ21+BF21 -> 0.0098 | AX21: -0.00196 | AY21: 0.00205 | BF21: 0.005
A22: Totals excluding repeats | V22: =V17+V4+V15+V13+V7+V3 -> 81546.389 | W22: =W17+W4+W15+W13+W7+W3 -> 84570 | X22: =SUM(X2:X17) -> 326908 | AC22: =AC17+AC4+AC15+AC13+AC7+AC3 -> 483.512 | AI22: 1 | AJ22: =AJ17+AJ16+AJ15+AJ13+AJ7+AJ3 -> #DIV/0! | AK22: =X22/W22 -> 3.8655315 | BJ22: =BJ3+BJ7+BJ13+BJ15+BJ16+BJ17 -> #DIV/0! | BM22: =AC22/BJ22 -> #DIV/0!
A23: Totals including repeats (no 2019 subcampaigns) | AC23: =SUM(AC2:AC17) -> 483.512 | AI23: 1 | AJ23: =SUM(AJ2:AJ17) -> #DIV/0! | BJ23: =SUM(BJ2:BJ17) -> #DIV/0! | BM23: =AC23/BJ23 -> #DIV/0!
U24: Fraction of national gas covered | V24: =V22/V25 -> 0.95625745
U25: 2021 US gas prod | V25: 85276.605

Sheet By site no strat
A1: Scenario | B1: Simulation (t/h) | C1: Aerial (t/h) | D1: Partial (t/h) | E1: Total emissions (t/h) | F1: Total emissions P2.5 | G1: Total emissions P97.5 | H1: Aerial emissions P2.5 | I1: Aerial emissions P97.5 | J1: Aerial midstream emissions (t/h) | K1: Aerial midstream emissions P2.5 | L1: Aerial midstream emissions P97.5 | M1: Midstream partial detect (t/h) | N1: Midstream GHGI below min detect (t/h) | O1: Total emissions + midstream (t/h) | P1: Total emissions + midstream P2.5 | Q1: Total emissions + midstream P97.5 | R1: N | S1: % SDev of MC iterations | T1: Min detected emission | U1: Transition point | V1: Total covered production (t(CH4)/hr) | W1: Wells covered | X1: Well visits | Y1: Wells per site | Z1: # production plumes | AA1: # production plumes sel | AB1: # prod sources overall | AC1: # avg prod sources sim | AD1: # midstream plumes | AE1: # midstream sources | AF1: Total sim emissions | AG1: Stratify by covered prod | AH1: Include repeats | AI1: High prod | AJ1: Well site visits | AK1: Avg visits/well | AL1: SD to SErr factor | AM1: SErr of mean total emissions | AN1: Serr of sample mean | AO1: Simulation % | AP1: Aerial % | AQ1: Partial % | AR1: Methane fractional loss simulation | AS1: Methane fractional loss aerial | AT1: AerialFracLossP2.5 | AU1: AerialFracLossP97.5 | AV1: Methane fractional loss partial | AW1: FracLossProd | AX1: Methane fractional loss total | AY1: FracLossP2.5 | AZ1: FracLossP97.5 | BA1: FracLossP2.5Full | BB1: FracLossP97.5Full | BC1: FracLossMid | BD1: FracLossMidP2.5 | BE1: FracLossMidP97.5 | BF1: FracLossMidPartial | BG1: FracLossMidGHGI | BH1: % aerial | BI1: % aerial sel | BJ1: Fraction sim retained | BK1: Sites covered | BL1: % wells ever emitting | BM1: Avg % wells emitting | BN1: Avg % sites emitting | BO1: Total aerial | BP1: Total aerial+partial emissions | BQ1: Total sim emissions | BR1: Frac aerial | BS1: Frac aerial+partial | BT1: Frac sim | BU1: Frac midstream | BV1: Frac midstream aerial | BW1: Total production emissions | BX1: Total/Sim | BY1: Production/site covered | BZ1: State GHGI | CA1: NG methane fraction | CB1: kgCH4 per mcfNG
A2: Kairos_Permian | B2: 13.397303 | C2: 77.992979 | D2: 5.5457303 | E2: 96.936012 | F2: 89.981608 | G2: 105.9876 | H2: 71.318082 | I2: 86.833318 | J2: 73.70308 | K2: 67.563548 | L2: 83.864757 | M2: 6.2816795 | N2: 7.4248658 | O2: 184.34564 | P2: 173.22334 | Q2: 198.57914 | R2: 1000 | S2: 0.063205386 | T2: 7.0962343 | U2: 17.382 | V2: 1952.0451 | W2: 21637 | X2: 81564 | Y2: 1.2 | Z2: 1083 | AA2: 1082.361 | AB2: 537 | AC2: 258.756 | AD2: 902 | AE2: 415 | AF2: 20.822169 | AG2: No | AH2: No | AI2: 20221204e | AJ2: 67970 | AK2: 3.7698281 | AL2: 0.51503795 | AM2: 0.032553172 | AN2: 0.0019987298 | AO2: 0.11353437 | AP2: 0.88586171 | AQ2: 0.0006039167 | AR2: 0.0068632139 | AS2: 0.039954496 | AT2: 0.0333153 | AU2: 0.048747552 | AV2: 0.0028409847 | AW2: 0.049658694 | AX2: 0.09443718 | AY2: -0.0056977651 | AZ2: 0.0072915833 | BA2: 0.088739415 | BB2: 0.10172876 | BC2: 0.037756852 | BD2: 0.034611673 | BE2: 0.042962509 | BF2: 0.0026089464 | BG2: 0.0038036343 | BH2: 0.0159335 | BI2: 0.015924099 | BJ2: 0.62971522 | BK2: 18030 | BL2: 0.029783694 | BM2: 0.011958959 | BN2: 0.014351414 | BO2: 151.69606 | BP2: 157.97774 | BQ2: 20.822169 | BR2: 0.8228883 | BS2: 0.85696406 | BT2: 0.1129526 | BU2: 0.47416215 | BV2: 0.39980927 | BW2: 96.936012 | BX2: 4.5562778 | BY2: 0.10826651 | BZ2: 0.012478177 | CA2: 0.9 | CB2: 17.326203
A3: Permian_2019 | B3: 45.276874 | C3: 236.58088 | D3: 0 | E3: 281.85775 | F3: 272.23349 | G3: 291.80829 | H3: 227.04241 | I3: 246.4512 | J3: 212.75016 | K3: 199.80771 | L3: 227.11517 | M3: 0 | N3: 38.281727 | O3: 532.88964 | P3: 510.21736 | Q3: 557.7044 | R3: 1000 | S3: 0.033340289 | T3: 15.029525 | U3: 50.458 | V3: 10526.815 | W3: 84570 | X3: 326908 | Y3: 1.8250769 | Z3: 1749 | AA3: 1663.859 | AB3: 1054 | AC3: 483.304 | AD3: 1272 | AE3: 679 | AF3: 83.5586 | AG3: No | AH3: No | AI3: 20221204e | AJ3: 179120 | AK3: 3.8655934 | AL3: 0.50861822 | AM3: 0.016957478 | AN3: 0.0010543125 | AO3: 0.10034401 | AP3: 0.89965599 | AQ3: 0 | AR3: 0.0043010991 | AS3: 0.022474118 | AT3: 0.020692602 | AU3: 0.024317615 | AV3: 0 | AW3: 0.026775217 | AX3: 0.050622117 | AY3: -0.0021537649 | AZ3: 0.0023572896 | BA3: 0.048468352 | BB3: 0.052979406 | BC3: 0.020210308 | BD3: 0.018980833 | BE3: 0.021574918 | BF3: 0 | BG3: 0.0036365916 | BH3: 0.0097644038 | BI3: 0.0092890744 | BJ3: 0.82749495 | BK3: 46337 | BL3: 0.022746401 | BM3: 0.0057148398 | BN3: 0.010430196 | BO3: 449.33104 | BP3: 449.33104 | BQ3: 83.5586 | BR3: 0.84319684 | BS3: 0.84319684 | BT3: 0.15680316 | BU3: 0.47107659 | BV3: 0.39923845 | BW3: 281.85775 | BX3: 5.1513269 | BY3: 0.22717946 | BZ3: 0.011491852 | CA3: 0.9 | CB3: 17.326203
A4: Permian_2020 | B4: 9.2140909 | C4: 35.408918 | D4: 0 | E4: 44.623008 | F4: 41.395437 | G4: 48.260754 | H4: 32.216161 | I4: 39.032674 | J4: 60.186546 | K4: 53.638978 | L4: 67.577081 | M4: 0 | N4: 16.369542 | O4: 121.1791 | P4: 110.98112 | Q4: 132.40838 | R4: 1000 | S4: 0.05697272 | T4: 8.0919112 | U4: 53.019 | V4: 4766.5264 | W4: 17120 | X4: 48890 | Y4: 1.8250769 | Z4: 284 | AA4: 264.626 | AB4: 239 | AC4: 101.207 | AD4: 316 | AE4: 233 | AF4: 25.583633 | AG4: No | AH4: No | AI4: 20221204e | AJ4: 26787 | AK4: 2.8557569 | AL4: 0.59175152 | AM4: 0.033713694 | AN4: 0.0018016356 | AO4: 0.1156612 | AP4: 0.8843388 | AQ4: 0 | AR4: 0.001933083 | AS4: 0.0074286629 | AT4: 0.0062967203 | AU4: 0.0087134097 | AV4: 0 | AW4: 0.0093617458 | AX4: 0.025422936 | AY4: -0.0021394977 | AZ4: 0.002355864 | BA4: 0.023283439 | BB4: 0.0277788 | BC4: 0.01262692 | BD4: 0.011253264 | BE4: 0.014177427 | BF4: 0 | BG4: 0.0034342708 | BH4: 0.010602158 | BI4: 0.0098788965 | BJ4: 0.83384717 | BK4: 9380 | BL4: 0.025479744 | BM4: 0.0059116238 | BN4: 0.010789659 | BO4: 95.595464 | BP4: 95.595464 | BQ4: 25.583633 | BR4: 0.78887661 | BS4: 0.78887661 | BT4: 0.21112339 | BU4: 0.63175928 | BV4: 0.49667296 | BW4: 44.623008 | BX4: 4.0383042 | BY4: 0.50815846 | BZ4: 0.010661119 | CA4: 0.9 | CB4: 17.326203
A5: Permian_fall2021 | B5: 10.430614 | C5: 35.823327 | D5: 0 | E5: 46.253941 | F5: 42.688807 | G5: 50.222046 | H5: 32.275496 | I5: 39.726874 | J5: 43.989762 | K5: 39.118024 | L5: 49.436108 | M5: 0 | N5: 21.388092 | O5: 111.63179 | P5: 101.48986 | Q5: 122.15738 | R5: 1000 | S5: 0.066405672 | T5: 23.348039 | U5: 47.029 | V5: 6227.8408 | W5: 19670 | X5: 94306 | Y5: 1.8250769 | Z5: 334 | AA5: 304.767 | AB5: 232 | AC5: 92.828 | AD5: 368 | AE5: 179 | AF5: 31.818706 | AG5: No | AH5: No | AI5: 20221204e | AJ5: 51672 | AK5: 4.7946553 | AL5: 0.45668979 | AM5: 0.030326793 | AN5: 0.0020999317 | AO5: 0.18476968 | AP5: 0.81523032 | AQ5: 0 | AR5: 0.0016748364 | AS5: 0.0057521263 | AT5: 0.004504731 | AU5: 0.0071245894 | AV5: 0 | AW5: 0.0074269626 | AX5: 0.017924638 | AY5: -0.0016284829 | AZ5: 0.0016900852 | BA5: 0.016296156 | BB5: 0.019614724 | BC5: 0.007063405 | BD5: 0.0062811535 | BE5: 0.0079379209 | BF5: 0 | BG5: 0.0034342708 | BH5: 0.0064638489 | BI5: 0.0058981073 | BJ5: 0.81866328 | BK5: 10777 | BL5: 0.021527327 | BM5: 0.0047192679 | BN5: 0.0086135288 | BO5: 79.813089 | BP5: 79.813089 | BQ5: 31.818706 | BR5: 0.71496652 | BS5: 0.71496652 | BT5: 0.28503348 | BU5: 0.58565758 | BV5: 0.39406173 | BW5: 46.253941 | BX5: 3.630378 | BY5: 0.5778826 | BZ5: 0.010661119 | CA5: 0.9 | CB5: 17.326203
A6: Permian_summer2021 | B6: 10.057129 | C6: 37.510733 | D6: 0 | E6: 47.567862 | F6: 44.454204 | G6: 51.033228 | H6: 34.384229 | I6: 40.928942 | J6: 45.120082 | K6: 41.234845 | L6: 49.2166 | M6: 0 | N6: 20.435387 | O6: 113.12333 | P6: 104.37253 | Q6: 122.26334 | R6: 1000 | S6: 0.052740761 | T6: 11.813408 | U6: 45.98 | V6: 5950.4297 | W6: 19040 | X6: 91907 | Y6: 1.8250769 | Z6: 416 | AA6: 386.998 | AB6: 296 | AC6: 124.653 | AD6: 477 | AE6: 232 | AF6: 30.492516 | AG6: No | AH6: No | AI6: 20221204e | AJ6: 50357 | AK6: 4.8271664 | AL6: 0.45514928 | AM6: 0.02400492 | AN6: 0.0016678093 | AO6: 0.19185243 | AP6: 0.80814757 | AQ6: 0 | AR6: 0.0016901517 | AS6: 0.0063038697 | AT6: 0.0051494684 | AU6: 0.0075659773 | AV6: 0 | AW6: 0.0079940214 | AX6: 0.019010952 | AY6: -0.0014706165 | AZ6: 0.0015360254 | BA6: 0.017540335 | BB6: 0.020546977 | BC6: 0.0075826594 | BD6: 0.0069297256 | BE6: 0.0082711002 | BF6: 0 | BG6: 0.0034342708 | BH6: 0.0082610163 | BI6: 0.0076850885 | BJ6: 0.81684498 | BK6: 10432 | BL6: 0.028374233 | BM6: 0.0065469013 | BN6: 0.011949099 | BO6: 82.630815 | BP6: 82.630815 | BQ6: 30.492516 | BR6: 0.73044783 | BS6: 0.73044783 | BT6: 0.26955217 | BU6: 0.57950494 | BV6: 0.3988571 | BW6: 47.567862 | BX6: 3.8634859 | BY6: 0.57040162 | BZ6: 0.010661119 | CA6: 0.9 | CB6: 17.326203
A7: San_Joaquin_2016 | B7: 1.9933481 | C7: 2.3946755 | D7: 0 | E7: 4.3880236 | F7: 3.6031738 | G7: 5.2319431 | H7: 1.6200702 | I7: 3.2515661 | J7: 4.7652008 | K7: 3.6741666 | L7: 6.1457933 | M7: 0 | N7: 1.1897866 | O7: 10.343011 | P7: 8.7701514 | Q7: 12.234067 | R7: 1000 | S7: 0.10719444 | T7: 9 | U7: 41.089 | V7: 264.97396 | W7: 41547 | X7: 81234 | Y7: 1.7471737 | Z7: 77 | AA7: 69.001 | AB7: 40 | AC7: 15.051 | AD7: 48 | AE7: 36 | AF7: 3.1831347 | AG7: No | AH7: No | AI7: 20221204e | AJ7: 46494 | AK7: 1.9552546 | AL7: 0.71515197 | AM7: 0.076660317 | AN7: 0.0033897859 | AO7: 0 | AP7: 1 | AQ7: 0 | AR7: 0.0075228077 | AS7: 0.0090373995 | AT7: 0.0049497002 | AU7: 0.01355933 | AV7: 0 | AW7: 0.016560207 | AX7: 0.039034066 | AY7: -0.0059359026 | AZ7: 0.0071367614 | BA7: 0.033098164 | BB7: 0.046170828 | BC7: 0.017983657 | BD7: 0.013866142 | BE7: 0.023193952 | BF7: 0 | BG7: 0.004490202 | BH7: 0.0016561277 | BI7: 0.001484084 | BJ7: 0.98565671 | BK7: 23779 | BL7: 0.0016821565 | BM7: 0.00036226442 | BN7: 0.00063295345 | BO7: 7.1598763 | BP7: 7.1598763 | BQ7: 3.1831347 | BR7: 0.69223861 | BS7: 0.69223861 | BT7: 0.30776139 | BU7: 0.57574917 | BV7: 0.460715 | BW7: 4.3880236 | BX7: 2.1697856 | BY7: 0.011143192 | BZ7: 0.057351807 | CA7: 0.9 | CB7: 17.326203
A8: San_Joaquin_2017 | B8: 1.9310676 | C8: 4.4886926 | D8: 0 | E8: 6.4197602 | F8: 5.6675421 | G8: 7.245227 | H8: 3.7301047 | I8: 5.3035649 | J8: 7.4516396 | K8: 6.1665135 | L8: 8.9805701 | M8: 0 | N8: 1.2427775 | O8: 15.114177 | P8: 13.335095 | Q8: 17.091444 | R8: 1000 | S8: 0.12461943 | T8: 11 | U8: 38.048 | V8: 284.66581 | W8: 40365 | X8: 192459 | Y8: 1.7471737 | Z8: 86 | AA8: 80.532 | AB8: 54 | AC8: 15.931 | AD8: 144 | AE8: 89 | AF8: 3.1738451 | AG8: No | AH8: No | AI8: 20221204e | AJ8: 110154 | AK8: 4.7679522 | AL8: 0.45796686 | AM8: 0.057071568 | AN8: 0.0039408123 | AO8: 0 | AP8: 1 | AQ8: 0 | AR8: 0.0067836302 | AS8: 0.015768288 | AT8: 0.0099494463 | AU8: 0.022018866 | AV8: 0 | AW8: 0.022551918 | AX8: 0.053094459 | AY8: -0.0062497231 | AZ8: 0.0069459234 | BA8: 0.046844735 | BB8: 0.060040382 | BC8: 0.026176798 | BD8: 0.02166229 | BE8: 0.031547764 | BF8: 0 | BG8: 0.0043657419 | BH8: 0.00078072517 | BI8: 0.00073108557 | BJ8: 0.98482158 | BK8: 23103 | BL8: 0.0023373588 | BM8: 0.0003946736 | BN8: 0.00068956413 | BO8: 11.940332 | BP8: 11.940332 | BQ8: 3.1738451 | BR8: 0.79000735 | BS8: 0.79000735 | BT8: 0.20999265 | BU8: 0.57524756 | BV8: 0.49302096 | BW8: 6.4197602 | BX8: 3.2740526 | BY8: 0.012321595 | BZ8: 0.054455461 | CA8: 0.9 | CB8: 17.326203
A9: San_Joaquin_fall2020 | B9: 1.3808152 | C9: 2.5889698 | D9: 0 | E9: 3.969785 | F9: 3.3549482 | G9: 4.9081228 | H9: 1.9794882 | I9: 3.5347169 | J9: 3.7673711 | K9: 2.9483599 | L9: 5.0097869 | M9: 0 | N9: 0.92232287 | O9: 8.6594789 | P9: 7.4471645 | Q9: 10.29858 | R9: 1000 | S9: 0.20943518 | T9: 20.646402 | U9: 37.196176 | V9: 245.23328 | W9: 33090 | X9: 238974 | Y9: 1.995878 | Z9: 48 | AA9: 45.369 | AB9: 27 | AC9: 8.091 | AD9: 63 | AE9: 34 | AF9: 2.303138 | AG9: No | AH9: No | AI9: 20221204e | AJ9: 119733 | AK9: 7.2219675 | AL9: 0.37211076 | AM9: 0.077933086 | AN9: 0.006622922 | AO9: 0 | AP9: 1 | AQ9: 0 | AR9: 0.0056306191 | AS9: 0.010557172 | AT9: 0.0038782099 | AU9: 0.020921076 | AV9: 0 | AW9: 0.016187791 | AX9: 0.035311191 | AY9: -0.0049435155 | AZ9: 0.0066838433 | BA9: 0.030367675 | BB9: 0.041995034 | BC9: 0.015362398 | BD9: 0.012022675 | BE9: 0.020428659 | BF9: 0 | BG9: 0.0037610021 | BH9: 0.00040089198 | BI9: 0.00037891809 | BJ9: 0.98091802 | BK9: 16579 | BL9: 0.0016285663 | BM9: 0.00024451496 | BN9: 0.00048802702 | BO9: 6.3563409 | BP9: 6.3563409 | BQ9: 2.303138 | BR9: 0.7340261 | BS9: 0.7340261 | BT9: 0.2659739 | BU9: 0.54156734 | BV9: 0.43505405 | BW9: 3.969785 | BX9: 2.8202044 | BY9: 0.014791801 | BZ9: 0.061625508 | CA9: 0.9 | CB9: 17.326203
A10: San_Joaquin_summer2020 | B10: 1.3321961 | C10: 3.8455935 | D10: 0 | E10: 5.1777896 | F10: 4.4850049 | G10: 5.9572726 | H10: 3.1553437 | I10: 4.6287291 | J10: 4.2079763 | K10: 3.5632985 | L10: 5.033137 | M10: 0 | N10: 0.87037445 | O10: 10.25614 | P10: 9.1307419 | Q10: 11.593469 | R10: 1000 | S10: 0.15097099 | T10: 23.632192 | U10: 35.298322 | V10: 231.42089 | W10: 31919 | X10: 238393 | Y10: 1.995878 | Z10: 94 | AA10: 90.637 | AB10: 39 | AC10: 13.337 | AD10: 151 | AE10: 65 | AF10: 2.2025705 | AG10: No | AH10: No | AI10: 20221204e | AJ10: 119442 | AK10: 7.4688594 | AL10: 0.3659088 | AM10: 0.055241615 | AN10: 0.0047741219 | AO10: 0 | AP10: 1 | AQ10: 0 | AR10: 0.005756594 | AS10: 0.016617314 | AT10: 0.0084659387 | AU10: 0.025865607 | AV10: 0 | AW10: 0.022373908 | AX10: 0.044318127 | AY10: -0.0048629941 | AZ10: 0.0057787722 | BA10: 0.039455133 | BB10: 0.050096899 | BC10: 0.018183217 | BD10: 0.01539748 | BE10: 0.021748845 | BF10: 0 | BG10: 0.0037610021 | BH10: 0.00078699285 | BI10: 0.00075883693 | BJ10: 0.98006713 | BK10: 15992 | BL10: 0.0024387194 | BM10: 0.0004178389 | BN10: 0.00083397949 | BO10: 8.0535698 | BP10: 8.0535698 | BQ10: 2.2025705 | BR10: 0.78523423 | BS10: 0.78523423 | BT10: 0.21476577 | BU10: 0.49514492 | BV10: 0.41027689 | BW10: 5.1777896 | BX10: 3.8092414 | BY10: 0.014471041 | BZ10: 0.061625508 | CA10: 0.9 | CB10: 17.326203
A11: San_Joaquin_fall2021 | B11: 1.3587442 | C11: 1.7464598 | D11: 0 | E11: 3.105204 | F11: 2.6631169 | G11: 3.6283864 | H11: 1.3028274 | I11: 2.2688466 | J11: 0.79447776 | K11: 0.5681014 | L11: 1.0449883 | M11: 0 | N11: 0.74474802 | O11: 4.6444298 | P11: 4.0045046 | Q11: 5.3527548 | R11: 1000 | S11: 0.11934139 | T11: 15.95883 | U11: 22.639 | V11: 198.01851 | W11: 33418 | X11: 119340 | Y11: 1.995878 | Z11: 47 | AA11: 41.362 | AB11: 35 | AC11: 15.708 | AD11: 17 | AE11: 12 | AF11: 2.1034922 | AG11: No | AH11: No | AI11: 20221204e | AJ11: 59793 | AK11: 3.5712238 | AL11: 0.52916543 | AM11: 0.063151338 | AN11: 0.0037739061 | AO11: 0 | AP11: 1 | AQ11: 0 | AR11: 0.006861703 | AS11: 0.00881968 | AT11: 0.0045859216 | AU11: 0.013805021 | AV11: 0 | AW11: 0.015681383 | AX11: 0.023454524 | AY11: -0.0032316431 | AZ11: 0.0035770648 | BA11: 0.020222881 | BB11: 0.027031589 | BC11: 0.0040121389 | BD11: 0.0028689309 | BE11: 0.0052772253 | BF11: 0 | BG11: 0.0037610021 | BH11: 0.00078604519 | BI11: 0.00069175322 | BJ11: 0.95686256 | BK11: 16743 | BL11: 0.0020904258 | BM11: 0.00047004608 | BN11: 0.00093818312 | BO11: 2.5409376 | BP11: 2.5409376 | BQ11: 2.1034922 | BR11: 0.54707851 | BS11: 0.54707851 | BT11: 0.45292149 | BU11: 0.3314122 | BV11: 0.17105448 | BW11: 3.105204 | BX11: 2.1868107 | BY11: 0.011826943 | BZ11: 0.061625508 | CA11: 0.9 | CB11: 17.326203
A12: Denver_summer2021 | B12: 8.1036662 | C12: 2.2926296 | D12: 0 | E12: 10.396296 | F12: 9.7413772 | G12: 11.198465 | H12: 1.656923 | I12: 3.0871285 | J12: 0.70680533 | K12: 0.46072834 | L12: 1.0545085 | M12: 0 | N12: 6.246524 | O12: 17.349625 | P12: 15.504575 | Q12: 19.299476 | R12: 1000 | S12: 0.055541726 | T12: 11.102345 | U12: 69.822 | V12: 1997.3945 | W12: 11671 | X12: 59356 | Y12: 1.6088026 | Z12: 34 | AA12: 27.794 | AB12: 27 | AC12: 8.462 | AD12: 24 | AE12: 9 | AF12: 14.35019 | AG12: No | AH12: No | AI12: 20221204e | AJ12: 36894 | AK12: 5.0860215 | AL12: 0.44341553 | AM12: 0.024628064 | AN12: 0.0017563836 | AO12: 0.98977114 | AP12: 0.010228863 | AQ12: 0 | AR12: 0.0040571185 | AS12: 0.0011478101 | AT12: 0.00043004563 | AU12: 0.002044864 | AV12: 0 | AW12: 0.0052049286 | AX12: 0.0086861284 | AY12: -0.0009237286 | AZ12: 0.00097619735 | BA12: 0.0077623998 | BB12: 0.0096623258 | BC12: 0.00035386366 | BD12: 0.00023066467 | BE12: 0.00052794202 | BF12: 0 | BG12: 0.0031273362 | BH12: 0.00092155906 | BI12: 0.00075334743 | BJ12: 0.95598771 | BK12: 7254 | BL12: 0.0037220844 | BM12: 0.00072504498 | BN12: 0.0011665288 | BO12: 2.9994349 | BP12: 2.9994349 | BQ12: 14.35019 | BR12: 0.17287704 | BS12: 0.17287704 | BT12: 0.82712296 | BU12: 0.40077845 | BV12: 0.04073775 | BW12: 10.396296 | BX12: 1.2264515 | BY12: 0.27535077 | BZ12: 0.0097082922 | CA12: 0.9 | CB12: 17.326203
A13: Denver_fall2021 | B13: 8.0555189 | C13: 2.3206518 | D13: 0 | E13: 10.376171 | F13: 9.6129006 | G13: 11.347088 | H13: 1.5940502 | I13: 3.2692363 | J13: 2.3776261 | K13: 1.5978784 | L13: 4.1619269 | M13: 0 | N13: 6.1693766 | O13: 18.923173 | P13: 16.542327 | Q13: 22.055777 | R13: 1000 | S13: 0.1127974 | T13: 10.160213 | U13: 61.818 | V13: 1972.7258 | W13: 11688 | X13: 67811 | Y13: 1.6088026 | Z13: 40 | AA13: 32.483 | AB13: 33 | AC13: 8.471 | AD13: 29 | AE13: 21 | AF13: 14.224896 | AG13: No | AH13: No | AI13: 20221204e | AJ13: 42149 | AK13: 5.8016518 | AL13: 0.41516829 | AM13: 0.046829905 | AN13: 0.0035669671 | AO13: 0.98743377 | AP13: 0.012566226 | AQ13: 0 | AR13: 0.0040834459 | AS13: 0.0011763682 | AT13: 0.00028920097 | AU13: 0.0023345724 | AV13: 0 | AW13: 0.0052598141 | AX13: 0.0095923994 | AY13: -0.0012068814 | AZ13: 0.0015879568 | BA13: 0.008385518 | BB13: 0.011180356 | BC13: 0.0012052492 | BD13: 0.00080998507 | BE13: 0.0021097342 | BF13: 0 | BG13: 0.0031273362 | BH13: 0.00094901421 | BI13: 0.00077067072 | BJ13: 0.95109885 | BK13: 7265 | BL13: 0.0045423262 | BM13: 0.00072476044 | BN13: 0.0011660014 | BO13: 4.6982779 | BP13: 4.6982779 | BQ13: 14.224896 | BR13: 0.24827635 | BS13: 0.24827635 | BT13: 0.75172365 | BU13: 0.45166656 | BV13: 0.12564122 | BW13: 10.376171 | BX13: 1.2251023 | BY13: 0.2715383 | BZ13: 0.0097082922 | CA13: 0.9 | CB13: 17.326203
... A19: Permian_2019_F2021_Midland | B19: 5.3619661 | C19: 46.40614 | D19: 0 | E19: 51.768106 | F19: 48.202186 | G19: 55.617384 | H19: 42.861121 | I19: 50.256839 | J19: 38.150319 | K19: 31.574955 | L19: 47.261771 | M19: 0 | N19: 4.1551174 | O19: 94.073542 | P19: 85.292907 | Q19: 104.54924 | R19: 1000 | S19: 0.11688237 | T19: 16.353134 | U19: 97.624 | V19: 1142.5856 | W19: 9209 | X19: 51783 | Y19: 1.8250769 | Z19: 130 | AA19: 125.318 | AB19: 93 | AC19: 49.036 | AD19: 123 | AE19: 76 | AF19: 9.5170835 | AG19: No | AH19: No | AI19: 20221204e | AJ19: 28373 | AK19: 5.6239841 | AL19: 0.4216751 | AM19: 0.049286384 | AN19: 0.003696145 | AO19: 0.047853499 | AP19: 0.9521465 | AQ19: 0 | AR19: 0.0046928352 | AS19: 0.040615022 | AT19: 0.033257156 | AU19: 0.048607341 | AV19: 0 | AW19: 0.045307857 | AX19: 0.08233391 | AY19: -0.0076848817 | AZ19: 0.0091684139 | BA19: 0.074649028 | BB19: 0.091502324 | BC19: 0.033389461 | BD19: 0.027634651 | BE19: 0.041363876 | BF19: 0 | BG19: 0.0036365916 | BH19: 0.0045818207 | BI19: 0.0044168047 | BJ19: 0.89893135 | BK19: 5045 | BL19: 0.018434093 | BM19: 0.005324791 | BN19: 0.0097197225 | BO19: 84.556459 | BP19: 84.556459 | BQ19: 9.5170835 | BR19: 0.89883182 | BS19: 0.89883182 | BT19: 0.10116818 | BU19: 0.44969985 | BV19: 0.40553033 | BW19: 51.768106 | BX19: 8.6791786 | BY19: 0.22647882 | BZ19: 0.011491852 | CA19: 0.9 | CB19: 17.326203
U24: Fraction of national gas covered | V24: =V22/V25 -> 0
U25: 2021 US gas prod | V25: 85276.605

Sheet Aerial by source
A1: Basin/Campaign | B1: Production | C1: ProductionP2.5 | D1: ProductionP97.5 | E1: Midstream | F1: MidstreamP2.5 | G1: MidstreamP97.5 | H1: Coal | I1: CoalP2.5 | J1: CoalP97.5 | K1: Waste | L1: WasteP2.5 | M1: WasteP97.5 | N1: Agriculture | O1: AgricultureP2.5 | P1: AgricultureP97.5 | Q1: PowerPlant | R1: PowerPlantP2.5 | S1: PowerPlantP97.5 | T1: Unknown | U1: UnknownP2.5 | V1: UnknownP97.5
A2: Kairos Permian
A3: Permian/2019 | B3: 236.5 | C3: 214.5 | D3: 259.3 | E3: 213 | F3: 185.5 | G3: 240.7 | H3: Null | I3: Null | J3: Null | K3: Null | L3: Null | M3: Null | N3: Null | O3: Null | P3: Null | Q3: Null | R3: Null | S3: Null | T3: 11.62 | U3: 4.985 | V3: 36.32
A4: Permian/2020 | B4: 35.35 | C4: 30.16 | D4: 40.03 | E4: 59.84 | F4: 49.39 | G4: 70.64 | H4: 0 | I4: 0 | J4: 0 | K4: 0 | L4: 0 | M4: 0 | N4: 0 | O4: 0 | P4: 0 | Q4: Null | R4: Null | S4: Null | T4: Null | U4: Null | V4: Null
A5: Permian/Summer 2021 | B5: 37.68 | C5: 31.59 | D5: 47.86 | E5: 45 | F5: 35.79 | G5: 53.94 | H5: Null | I5: Null | J5: Null | K5: Null | L5: Null | M5: Null | N5: Null | O5: Null | P5: Null | Q5: Null | R5: Null | S5: Null | T5: 0.9133 | U5: 0.4914 | V5: 1.608
A6: Permian/Fall 2021 | B6: 35.91 | C6: 28.23 | D6: 44.39 | E6: 43.91 | F6: 35.17 | G6: 55.33 | H6: Null | I6: Null | J6: Null | K6: Null | L6: Null | M6: Null | N6: Null | O6: Null | P6: Null | Q6: Null | R6: Null | S6: Null | T6: 8.624 | U6: 4.015 | V6: 14.25
A7: San Joaquin/2016
A8: San Joaquin/2017
A9: San Joaquin/2016-2017
A10: San Joaquin/COVID 2020 | B10: 3.823 | C10: 2.075 | D10: 6.265 | E10: 4.132 | F10: 2.483 | G10: 6.53 | H10: Null | I10: Null | J10: Null | K10: 0.4155 | L10: 0.1336 | M10: 1.098 | N10: 8.744 | O10: 5.41 | P10: 12.31 | Q10: 0.3249 | R10: 0 | S10: 1.624 | T10: Null | U10: Null | V10: Null
A11: San Joaquin/2020 | B11: 2.528 | C11: 0.8901 | D11: 4.757 | E11: 3.716 | F11: 1.483 | G11: 6.233 | H11: Null | I11: Null | J11: Null | K11: 0 | L11: 0 | M11: 0 | N11: 0.4748 | O11: 0 | P11: 1.2 | Q11: 0.08307 | R11: 0 | S11: 0.5459 | T11: Null | U11: Null | V11: Null
A12: San Joaquin/Fall 2021 | B12: 1.739 | C12: 0.8733 | D12: 2.7 | E12: 0.7954 | F12: 0.3069 | G12: 1.354 | H12: Null | I12: Null | J12: Null | K12: 0.9278 | L12: 0.5603 | M12: 1.283 | N12: 3.152 | O12: 2.256 | P12: 4.075 | Q12: Null | R12: Null | S12: Null | T12: Null | U12: Null | V12: Null
A13: DJ/Summer 2021 | B13: 2.296 | C13: 0.7927 | D13: 3.894 | E13: 0.6859 | F13: 0.1826 | G13: 1.458 | H13: Null | I13: Null | J13: Null | K13: 0.5326 | L13: 0.09429 | M13: 1.039 | N13: 2.929 | O13: 1.431 | P13: 4.352 | Q13: Null | R13: Null | S13: Null | T13: Null | U13: Null | V13: Null
A14: DJ/Fall 2021 | B14: 2.412 | C14: 0.4996 | D14: 4.763 | E14: 2.363 | F14: 0.452 | G14: 7.037 | H14: Null | I14: Null | J14: Null | K14: 0.3597 | L14: 0.05896 | M14: 0.6531 | N14: 0.9949 | O14: 0.1345 | P14: 1.891 | Q14: Null | R14: Null | S14: Null | T14: Null | U14: Null | V14: Null
A15: Appalachia/2021 | B15: 38.64 | C15: 31.56 | D15: 45.99 | E15: 8.31 | F15: 5.303 | G15: 11.09 | H15: 44.79 | I15: 35.25 | J15: 58.49 | K15: 8.381 | L15: 6.061 | M15: 10.89 | N15: Null | O15: Null | P15: Null | Q15: Null | R15: Null | S15: Null | T15: Null | U15: Null | V15: Null
A16: Uinta/2020 | B16: 6.153 | C16: 3.615 | D16: 8.296 | E16: 2.86 | F16: 1.554 | G16: 4.66 | H16: 0.1794 | I16: 0 | J16: 0.6711 | K16: 0 | L16: 0 | M16: 0 | N16: 0 | O16: 0 | P16: 0 | Q16: Null | R16: Null | S16: Null | T16: Null | U16: Null | V16: Null
A17: Kairos Barnett
A18: Permian/2019 w/2021 bounds
A19: Midland_2019_F2021_bounds
A20: Delaware_2019_F2021_bounds
A21: Totals excluding repeats | B21: =SUM(B2:B16) -> 403.031 | C21: =SUM(C2:C16) -> 344.7857 | D21: =SUM(D2:D16) -> 468.245 | E21: =SUM(E2:E16) -> 384.6123 | F21: =SUM(F2:F16) -> 317.6145 | G21: =SUM(G2:G16) -> 458.972 | H21: =SUM(H2:H16) -> 44.9694 | I21: =SUM(I2:I16) -> 35.25 | ... V21: =SUM(V2:V16) -> 52.178
A22: Totals including repeats (no 2019 subcampaigns)

Sheet Well share by basin quantile
A1: Basin/Campaign | B1: 0.1 | C1: 0.2 | D1: 0.3 | E1: 0.4 | F1: 0.5 | G1: 0.6 | H1: 0.7 | I1: 0.8 | J1: 0.9 | K1: 0.95 | L1: 0.99 | M1: 1
A2: Kairos Permian
A3: Permian/2019 | B3: 0.1688 | C3: 0.011 | D3: 0.0509 | E3: 0.0559 | F3: 0.0699 | G3: 0.0729 | H3: 0.0919 | I3: 0.1379 | J3: 0.1518 | K3: 0.0849 | L3: 0.0879 | M3: 0.016
A4: Permian/2020 | B4: 0.2068 | C4: 0.006 | D4: 0.042 | E4: 0.0569 | F4: 0.0519 | G4: 0.0519 | H4: 0.0549 | I4: 0.0729 | J4: 0.0959 | K4: 0.1209 | L4: 0.1958 | M4: 0.044
A5: Permian/Summer 2021 | B5: 0.1499 | C5: 0.004 | D5: 0.024 | E5: 0.032 | F5: 0.043 | G5: 0.048 | H5: 0.0589 | I5: 0.0739 | J5: 0.1169 | K5: 0.1688 | L5: 0.2358 | M5: 0.045
A6: Permian/Fall 2021 | B6: 0.1459 | C6: 0.007 | D6: 0.022 | E6: 0.028 | F6: 0.043 | G6: 0.046 | H6: 0.0559 | I6: 0.0699 | J6: 0.1179 | K6: 0.1808 | L6: 0.2398 | M6: 0.044
A7: San Joaquin/2016 | B7: 0.5504 | C7: 0 | D7: 0 | E7: 0.015 | F7: 0.028 | G7: 0.025 | H7: 0.047 | I7: 0.0849 | J7: 0.1269 | K7: 0.0719 | L7: 0.037 | M7: 0.014
A8: San Joaquin/2017 | B8: 0.5195 | C8: 0 | D8: 0 | E8: 0.019 | F8: 0.027 | G8: 0.03 | H8: 0.041 | I8: 0.0869 | J8: 0.1379 | K8: 0.0799 | L8: 0.044 | M8: 0.015
A9: San Joaquin/2016-2017
A10: San Joaquin/COVID 2020 | B10: 0.5355 | C10: 0 | D10: 0 | E10: 0.013 | F10: 0.036 | G10: 0.026 | H10: 0.039 | I10: 0.0869 | J10: 0.1319 | K10: 0.0699 | L10: 0.046 | M10: 0.016
A11: San Joaquin/2020 | B11: 0.5844 | C11: 0 | D11: 0 | E11: 0.009 | F11: 0.036 | G11: 0.022 | H11: 0.037 | I11: 0.0699 | J11: 0.1179 | K11: 0.0609 | L11: 0.045 | M11: 0.018
A12: San Joaquin/Fall 2021 | B12: 0.5954 | C12: 0 | D12: 0 | E12: 0.013 | F12: 0.042 | G12: 0.032 | H12: 0.04 | I12: 0.0699 | J12: 0.1039 | K12: 0.05 | L12: 0.041 | M12: 0.013
A13: DJ/Fall 2021 | B13: 0.1868 | C13: 0.024 | D13: 0.03 | E13: 0.033 | F13: 0.025 | G13: 0.03 | H13: 0.0799 | I13: 0.1059 | J13: 0.2408 | K13: 0.1608 | L13: 0.0799 | M13: 0.004
A14: DJ/Summer 2021 | B14: 0.2078 | C14: 0.019 | D14: 0.025 | E14: 0.034 | F14: 0.028 | G14: 0.034 | H14: 0.0759 | I14: 0.1079 | J14: 0.2268 | K14: 0.1528 | L14: 0.0829 | M14: 0.006
A15: Appalachia/2021 | B15: 0.046 | C15: 0.034 | D15: 0.034 | E15: 0.0579 | F15: 0.0659 | G15: 0.0649 | H15: 0.0999 | I15: 0.0939 | J15: 0.0969 | K15: 0.024 | L15: 0.3187 | M15: 0.0639
A16: Uinta/2020 | B16: 0.1788 | C16: 0.0599 | D16: 0.0659 | E16: 0.0669 | F16: 0.0639 | G16: 0.0899 | H16: 0.0889 | I16: 0.1089 | J16: 0.1828 | K16: 0.0659 | L16: 0.024 | M16: 0.004
A17: Kairos Barnett

Sheet Comparison
A1: Basin/Campaign | B1: Production per site visit/Production per site | C1: FracLoss per site/FracLoss per site visit | D1: Production ratio/FracLoss ratio | G1: FracLoss change site visit
A2: Kairos Permian | B2: ='By site visit'!AV2/'By site'!CA3 -> 0 | C2: ='By site'!AZ3/'By site visit'!AL2 -> #DIV/0! | D2: =B2/C2 -> #DIV/0! | G2: ='By site visit'!AN2/'By site'!AZ3-1 -> -1
A3: Permian/2019 | B3: ='By site visit'!AV3/'By site'!CA4 -> 0 | C3: ='By site'!AZ4/'By site visit'!AL3 -> 0.0098555618 | D3: =B3/C3 -> 0 | G3: ='By site visit'!AN3/'By site'!AZ4-1 -> -0.95952539
A4: Permian/2020 | B4: ='By site visit'!AV4/'By site'!CA5 -> #DIV/0! | C4: ='By site'!AZ5/'By site visit'!AL4 -> #DIV/0! | D4: =B4/C4 -> #DIV/0! | G4: ='By site visit'!AN4/'By site'!AZ5-1 -> #DIV/0!
A5: Permian/Summer 2021 | B5: ='By site visit'!AV5/'By site'!CA6 -> #DIV/0! | C5: ='By site'!AZ6/'By site visit'!AL5 -> #DIV/0! | D5: =B5/C5 -> #DIV/0! | G5: ='By site visit'!AN5/'By site'!AZ6-1 -> #DIV/0!
A6: Permian/Fall 2021 | B6: ='By site visit'!AV6/'By site'!CA7 -> #DIV/0! | C6: ='By site'!AZ7/'By site visit'!AL6 -> #DIV/0! | D6: =B6/C6 -> #DIV/0! | G6: ='By site visit'!AN6/'By site'!AZ7-1 -> #DIV/0!
A7: San Joaquin/2016-2017 | B7: ='By site visit'!AV7/'By site'!#REF! -> #DIV/0! | C7: ='By site'!#REF!/'By site visit'!AL7 -> #REF! | D7: =B7/C7 -> #DIV/0! | G7: ='By site visit'!AN7/'By site'!AZ8-1 -> #DIV/0!
A8: San Joaquin/COVID 2020 | B8: ='By site visit'!AV8/'By site'!CA10 -> #DIV/0! | C8: ='By site'!AZ10/'By site visit'!AL8 -> #DIV/0! | D8: =B8/C8 -> #DIV/0! | G8: ='By site visit'!AN8/'By site'!AZ9-1 -> #DIV/0!
A9: San Joaquin/2020 | B9: ='By site visit'!AV9/'By site'!CA11 -> 0 | C9: ='By site'!AZ11/'By site visit'!AL9 -> #DIV/0! | D9: =B9/C9 -> #DIV/0! | G9: ='By site visit'!AN9/'By site'!#REF!-1 -> #REF!
A10: San Joaquin/Fall 2021 | B10: ='By site visit'!AV10/'By site'!CA12 -> #DIV/0! | C10: ='By site'!AZ12/'By site visit'!AL10 -> #DIV/0! | D10: =B10/C10 -> #DIV/0! | G10: ='By site visit'!AN10/'By site'!AZ10-1 -> #DIV/0!
A11: DJ/Fall 2021 | B11: ='By site visit'!AV11/'By site'!CA13 -> #DIV/0! | C11: ='By site'!AZ13/'By site visit'!AL11 -> #DIV/0! | D11: =B11/C11 -> #DIV/0! | G11: ='By site visit'!AN11/'By site'!AZ11-1 -> #DIV/0!
A12: DJ/Summer 2021 | B12: ='By site visit'!AV12/'By site'!CA14 -> #DIV/0! | C12: ='By site'!AZ14/'By site visit'!AL12 -> #DIV/0! | D12: =B12/C12 -> #DIV/0! | G12: ='By site visit'!AN12/'By site'!AZ12-1 -> #DIV/0!
A13: Appalachia/2021 | B13: ='By site visit'!AV13/'By site'!CA15 -> #DIV/0! | C13: ='By site'!AZ15/'By site visit'!AL13 -> #DIV/0! | D13: =B13/C13 -> #DIV/0! | G13: ='By site visit'!AN13/'By site'!AZ13-1 -> #DIV/0!
A14: Uinta/2020 | B14: ='By site visit'!AV14/'By site'!CA16 -> #DIV/0! | C14: ='By site'!AZ16/'By site visit'!AL14 -> #DIV/0! | D14: =B14/C14 -> #DIV/0! | G14: ='By site visit'!AN14/'By site'!AZ14-1 -> #DIV/0!
A15: Kairos Barnett | B15: ='By site visit'!AV15/'By site'!CA17 -> #DIV/0! | C15: ='By site'!AZ17/'By site visit'!AL15 -> #DIV/0! | D15: =B15/C15 -> #DIV/0! | G15: ='By site visit'!AN15/'By site'!AZ15-1 -> #DIV/0!
