Workbook

Sheet By site
A1: Scenario | B1: Simulation (t/h) | C1: Aerial (t/h) | D1: Partial (t/h) | E1: Total emissions (t/h) | F1: Total emissions P2.5 | G1: Total emissions P97.5 | H1: Aerial emissions P2.5 | I1: Aerial emissions P97.5 | J1: Aerial midstream emissions (t/h) | K1: Aerial midstream emissions P2.5 | L1: Aerial midstream emissions P97.5 | M1: Midstream partial detect (t/h) | N1: Midstream GHGI below min detect (t/h) | O1: Total emissions + midstream (t/h) | P1: Total emissions + midstream P2.5 | Q1: Total emissions + midstream P97.5 | R1: N | S1: % SDev of MC iterations | T1: Min detected emission | U1: Transition point | V1: Total covered production (t(CH4)/hr) | W1: Wells covered | X1: Well visits | Y1: Wells per site | Z1: # production plumes | AA1: # production plumes sel | AB1: # prod sources overall | AC1: # avg prod sources sim | AD1: # midstream plumes | AE1: # midstream sources | AF1: Total sim emissions | AG1: Stratify by covered prod | AH1: Include repeats | AI1: High prod | AJ1: Well site visits | AK1: Avg visits/well | AL1: SD to SErr factor | AM1: SErr of mean total emissions | AN1: Serr of sample mean | AO1: Simulation % | AP1: Aerial % | AQ1: Partial % | AR1: Methane fractional loss simulation | AS1: Methane fractional loss aerial | AT1: AerialFracLossP2.5 | AU1: AerialFracLossP97.5 | AV1: Methane fractional loss partial | AW1: FracLossProd | AX1: Methane fractional loss total | AY1: FracLossP2.5 | AZ1: FracLossP97.5 | BA1: FracLossP2.5Full | BB1: FracLossP97.5Full | BC1: FracLossMid | BD1: FracLossMidP2.5 | BE1: FracLossMidP97.5 | BF1: FracLossMidPartial | BG1: FracLossMidGHGI | BH1: % aerial | BI1: % aerial sel | BJ1: Fraction sim retained | BK1: Sites covered | BL1: % wells ever emitting | BM1: Avg % wells emitting | BN1: Avg % sites emitting | BO1: Total aerial | BP1: Total aerial+partial emissions | BQ1: Total sim emissions | BR1: Frac aerial | BS1: Frac aerial+partial | BT1: Frac sim | BU1: Frac midstream | BV1: Frac midstream aerial | BW1: Total production emissions | BX1: Total/Sim | BY1: Production/site covered | BZ1: State GHGI | CA1: NG methane fraction | CB1: kgCH4 per mcfNG
A2: Kairos_Permian | B2: 16.825157 | C2: 78.077834 | D2: 5.6664501 | E2: 100.56944 | F2: 93.161574 | G2: 108.96503 | H2: 71.065569 | I2: 86.565494 | J2: 73.685818 | K2: 67.418232 | L2: 84.05884 | M2: 6.224846 | N2: 7.4248658 | O2: 187.90497 | P2: 176.19115 | Q2: 202.41207 | R2: 1000 | S2: 0.064151927 | T2: 7.0962343 | U2: 19.098 | V2: 1952.0451 | W2: 21637 | X2: 81564 | Y2: 1.2 | Z2: 1083 | AA2: 1082.16 | AB2: 537 | AC2: 258.76 | AD2: 902 | AE2: 415 | AF2: 24.250023 | AG2: Yes | AH2: No | AI2: 20221205 | AJ2: 67970 | AK2: 3.7698281 | AL2: 0.51503795 | AM2: 0.033040677 | AN2: 0.0020286621 | AO2: 0.15310057 | AP2: 0.83492683 | AQ2: 0.011972604 | AR2: 0.008619246 | AS2: 0.039997965 | AT2: 0.033023206 | AU2: 0.048440229 | AV2: 0.0029028274 | AW2: 0.051520039 | AX2: 0.096260567 | AY2: -0.0060007955 | AZ2: 0.0074317411 | BA2: 0.090259771 | BB2: 0.10369231 | BC2: 0.03774801 | BD2: 0.03453723 | BE2: 0.043061935 | BF2: 0.0026089464 | BG2: 0.0038036343 | BH2: 0.0159335 | BI2: 0.015921142 | BJ2: 0.71824291 | BK2: 18030 | BL2: 0.029783694 | BM2: 0.011959144 | BN2: 0.014351636 | BO2: 151.76365 | BP2: 157.9885 | BQ2: 24.250023 | BR2: 0.80766092 | BS2: 0.84078911 | BT2: 0.12905485 | BU2: 0.46478545 | BV2: 0.39214306 | BW2: 100.56944 | BX2: 4.293181 | BY2: 0.10826651 | BZ2: 0.012478177 | CA2: 0.9 | CB2: 17.326203
A3: Permian_2019 | B3: 69.562887 | C3: 236.17715 | D3: 0 | E3: 305.74003 | F3: 296.70203 | G3: 315.23274 | H3: 227.02413 | I3: 245.79688 | J3: 212.50446 | K3: 200.0466 | L3: 227.06245 | M3: 0 | N3: 38.281727 | O3: 556.52621 | P3: 533.79178 | Q3: 580.1803 | R3: 1000 | S3: 0.030218086 | T3: 15.029525 | U3: 59.811 | V3: 10526.815 | W3: 84570 | X3: 326908 | Y3: 1.8250769 | Z3: 1749 | AA3: 1644.348 | AB3: 1054 | AC3: 483.38 | AD3: 1272 | AE3: 679 | AF3: 107.84461 | AG3: Yes | AH3: No | AI3: 20221204d | AJ3: 179120 | AK3: 3.8655934 | AL3: 0.50861822 | AM3: 0.015369469 | AN3: 0.0009555798 | AO3: 0.35168169 | AP3: 0.64831831 | AQ3: 0 | AR3: 0.006608161 | AS3: 0.022435765 | AT3: 0.020726241 | AU3: 0.02423246 | AV3: 0 | AW3: 0.029043926 | AX3: 0.052867484 | AY3: -0.0021596686 | AZ3: 0.0022470312 | BA3: 0.050707816 | BB3: 0.055114516 | BC3: 0.020186966 | BD3: 0.019003526 | BE3: 0.021569911 | BF3: 0 | BG3: 0.0036365916 | BH3: 0.0097644038 | BI3: 0.0091801474 | BJ3: 0.83196422 | BK3: 46337 | BL3: 0.022746401 | BM3: 0.0057157384 | BN3: 0.010431836 | BO3: 448.6816 | BP3: 448.6816 | BQ3: 107.84461 | BR3: 0.80621803 | BS3: 0.80621803 | BT3: 0.19378197 | BU3: 0.4506274 | BV3: 0.38184038 | BW3: 305.74003 | BX3: 3.6566221 | BY3: 0.22717946 | BZ3: 0.011491852 | CA3: 0.9 | CB3: 17.326203
A4: Permian_2020 | B4: 22.398764 | C4: 34.984191 | D4: 0 | E4: 57.382955 | F4: 53.988015 | G4: 61.131178 | H4: 31.644453 | I4: 38.657165 | J4: 60.257181 | K4: 53.463952 | L4: 67.551465 | M4: 0 | N4: 16.369542 | O4: 134.00968 | P4: 123.22026 | Q4: 145.27449 | R4: 1000 | S4: 0.054478886 | T4: 8.0919112 | U4: 82.869 | V4: 4766.5264 | W4: 17120 | X4: 48890 | Y4: 1.8250769 | Z4: 284 | AA4: 247.091 | AB4: 239 | AC4: 101.22 | AD4: 316 | AE4: 233 | AF4: 38.768306 | AG4: Yes | AH4: No | AI4: 20221204d | AJ4: 26787 | AK4: 2.8557569 | AL4: 0.59175152 | AM4: 0.032237963 | AN4: 0.0017227736 | AO4: 0.53308934 | AP4: 0.46691066 | AQ4: 0 | AR4: 0.0046991797 | AS4: 0.0073395569 | AT4: 0.0061555042 | AU4: 0.008641753 | AV4: 0 | AW4: 0.012038737 | AX4: 0.028114746 | AY4: -0.0022635809 | AZ4: 0.002363316 | BA4: 0.025851165 | BB4: 0.030478062 | BC4: 0.012641739 | BD4: 0.011216544 | BE4: 0.014172053 | BF4: 0 | BG4: 0.0034342708 | BH4: 0.010602158 | BI4: 0.0092242879 | BJ4: 0.83012067 | BK4: 9380 | BL4: 0.025479744 | BM4: 0.0059123832 | BN4: 0.010791045 | BO4: 95.241372 | BP4: 95.241372 | BQ4: 38.768306 | BR4: 0.71070425 | BS4: 0.71070425 | BT4: 0.28929575 | BU4: 0.57179907 | BV4: 0.4496468 | BW4: 57.382955 | BX4: 2.1266867 | BY4: 0.50815846 | BZ4: 0.010661119 | CA4: 0.9 | CB4: 17.326203
A5: Permian_fall2021 | B5: 30.321138 | C5: 35.319155 | D5: 0 | E5: 65.640293 | F5: 61.949749 | G5: 69.534381 | H5: 31.738068 | I5: 39.196222 | J5: 43.947497 | K5: 39.262628 | L5: 48.952687 | M5: 0 | N5: 21.388092 | O5: 130.97588 | P5: 121.10135 | Q5: 141.19418 | R5: 1000 | S5: 0.054669089 | T5: 23.348039 | U5: 77.929 | V5: 6227.8408 | W5: 19670 | X5: 94306 | Y5: 1.8250769 | Z5: 334 | AA5: 275.071 | AB5: 232 | AC5: 92.794 | AD5: 368 | AE5: 179 | AF5: 51.70923 | AG5: Yes | AH5: No | AI5: 20221204d | AJ5: 51672 | AK5: 4.7946553 | AL5: 0.45668979 | AM5: 0.024966815 | AN5: 0.0017287884 | AO5: 0.70390981 | AP5: 0.29609019 | AQ5: 0 | AR5: 0.0048686437 | AS5: 0.0056711717 | AT5: 0.0044120838 | AU5: 0.0070343243 | AV5: 0 | AW5: 0.010539815 | AX5: 0.021030705 | AY5: -0.0015855471 | AZ5: 0.0016407447 | BA5: 0.019445158 | BB5: 0.022671449 | BC5: 0.0070566186 | BD5: 0.0063043724 | BE5: 0.0078602983 | BF5: 0 | BG5: 0.0034342708 | BH5: 0.0064638489 | BI5: 0.0053234053 | BJ5: 0.82662615 | BK5: 10777 | BL5: 0.021527327 | BM5: 0.0047175394 | BN5: 0.0086103739 | BO5: 79.266652 | BP5: 79.266652 | BQ5: 51.70923 | BR5: 0.60519883 | BS5: 0.60519883 | BT5: 0.39480117 | BU5: 0.4988361 | BV5: 0.33553765 | BW5: 65.640293 | BX5: 1.7895201 | BY5: 0.5778826 | BZ5: 0.010661119 | CA5: 0.9 | CB5: 17.326203
A6: Permian_summer2021 | B6: 27.952419 | C6: 37.029505 | D6: 0 | E6: 64.981923 | F6: 61.778019 | G6: 68.904348 | H6: 33.834367 | I6: 40.823456 | J6: 45.083456 | K6: 41.315583 | L6: 49.20927 | M6: 0 | N6: 20.435387 | O6: 130.50077 | P6: 121.41993 | Q6: 139.83864 | R6: 1000 | S6: 0.048962285 | T6: 11.813408 | U6: 68.599 | V6: 5950.4297 | W6: 19040 | X6: 91907 | Y6: 1.8250769 | Z6: 416 | AA6: 360.056 | AB6: 296 | AC6: 124.698 | AD6: 477 | AE6: 232 | AF6: 48.387805 | AG6: Yes | AH6: No | AI6: 20221204d | AJ6: 50357 | AK6: 4.8271664 | AL6: 0.45514928 | AM6: 0.022285149 | AN6: 0.0015483234 | AO6: 0.70526178 | AP6: 0.29473822 | AQ6: 0 | AR6: 0.0046975462 | AS6: 0.0062229968 | AT6: 0.005043254 | AU6: 0.0076238401 | AV6: 0 | AW6: 0.010920543 | AX6: 0.021931318 | AY6: -0.0015260808 | AZ6: 0.0015692778 | BA6: 0.020405237 | BB6: 0.023500596 | BC6: 0.0075765043 | BD6: 0.006943294 | BE6: 0.0082698683 | BF6: 0 | BG6: 0.0034342708 | BH6: 0.0082610163 | BI6: 0.0071500685 | BJ6: 0.80381134 | BK6: 10432 | BL6: 0.028374233 | BM6: 0.0065492647 | BN6: 0.011953413 | BO6: 82.112961 | BP6: 82.112961 | BQ6: 48.387805 | BR6: 0.62921404 | BS6: 0.62921404 | BT6: 0.37078596 | BU6: 0.50205678 | BV6: 0.34546441 | BW6: 64.981923 | BX6: 1.8686506 | BY6: 0.57040162 | BZ6: 0.010661119 | CA6: 0.9 | CB6: 17.326203
A7: San_Joaquin_2016 | B7: 2.5780993 | C7: 2.3866348 | D7: 0 | E7: 4.9647341 | F7: 4.2076754 | G7: 5.8816704 | H7: 1.639804 | I7: 3.2973498 | J7: 4.7872085 | K7: 3.6665271 | L7: 6.2580108 | M7: 0 | N7: 1.1897866 | O7: 10.941729 | P7: 9.3638958 | Q7: 12.91999 | R7: 1000 | S7: 0.10291269 | T7: 9 | U7: 41.205 | V7: 264.97396 | W7: 41547 | X7: 81234 | Y7: 1.7471737 | Z7: 77 | AA7: 68.985 | AB7: 40 | AC7: 15.072 | AD7: 48 | AE7: 36 | AF7: 3.7678859 | AG7: Yes | AH7: No | AI7: 20221204d | AJ7: 46494 | AK7: 1.9552546 | AL7: 0.71515197 | AM7: 0.07359821 | AN7: 0.0032543849 | AO7: 0.75007171 | AP7: 0.24992829 | AQ7: 0 | AR7: 0.0097296328 | AS7: 0.0090070544 | AT7: 0.0050659249 | AU7: 0.013813023 | AV7: 0 | AW7: 0.018736687 | AX7: 0.041293602 | AY7: -0.0059546734 | AZ7: 0.0074658705 | BA7: 0.035338929 | BB7: 0.048759473 | BC7: 0.018066713 | BD7: 0.013837311 | BE7: 0.023617456 | BF7: 0 | BG7: 0.004490202 | BH7: 0.0016561277 | BI7: 0.0014837398 | BJ7: 0.98844529 | BK7: 23779 | BL7: 0.0016821565 | BM7: 0.00036276988 | BN7: 0.00063383658 | BO7: 7.1738433 | BP7: 7.1738433 | BQ7: 3.7678859 | BR7: 0.65563968 | BS7: 0.65563968 | BT7: 0.34436032 | BU7: 0.54625623 | BV7: 0.43751709 | BW7: 4.9647341 | BX7: 1.9034846 | BY7: 0.011143192 | BZ7: 0.057351807 | CA7: 0.9 | CB7: 17.326203
A8: San_Joaquin_2017 | B8: 2.6770725 | C8: 4.493467 | D8: 0 | E8: 7.1705394 | F8: 6.3948931 | G8: 8.0756842 | H8: 3.7270122 | I8: 5.3963916 | J8: 7.4184416 | K8: 6.1618503 | L8: 8.7972182 | M8: 0 | N8: 1.2427775 | O8: 15.831758 | P8: 14.144585 | Q8: 17.744774 | R8: 1000 | S8: 0.1170017 | T8: 11 | U8: 42.185 | V8: 284.66581 | W8: 40365 | X8: 192459 | Y8: 1.7471737 | Z8: 86 | AA8: 80.051 | AB8: 54 | AC8: 15.958 | AD8: 144 | AE8: 89 | AF8: 3.91985 | AG8: Yes | AH8: No | AI8: 20221204d | AJ8: 110154 | AK8: 4.7679522 | AL8: 0.45796686 | AM8: 0.053582901 | AN8: 0.0036999186 | AO8: 0.34370242 | AP8: 0.65629758 | AQ8: 0 | AR8: 0.0094042641 | AS8: 0.01578506 | AT8: 0.0099058747 | AU8: 0.022711054 | AV8: 0 | AW8: 0.025189324 | AX8: 0.055615243 | AY8: -0.0059268563 | AZ8: 0.0067202138 | BA8: 0.049688387 | BB8: 0.062335457 | BC8: 0.026060177 | BD8: 0.021645909 | BE8: 0.030903669 | BF8: 0 | BG8: 0.0043657419 | BH8: 0.00078072517 | BI8: 0.00072671896 | BJ8: 0.98466374 | BK8: 23103 | BL8: 0.0023373588 | BM8: 0.0003953425 | BN8: 0.00069073281 | BO8: 11.911909 | BP8: 11.911909 | BQ8: 3.91985 | BR8: 0.75240361 | BS8: 0.75240361 | BT8: 0.24759639 | BU8: 0.54707716 | BV8: 0.46857746 | BW8: 7.1705394 | BX8: 2.6374248 | BY8: 0.012321595 | BZ8: 0.054455461 | CA8: 0.9 | CB8: 17.326203
A9: San_Joaquin_fall2020 | B9: 1.8910147 | C9: 2.5556404 | D9: 0 | E9: 4.4466551 | F9: 3.8757148 | G9: 5.2930907 | H9: 1.9898396 | I9: 3.4036789 | J9: 3.8313755 | K9: 2.9730301 | L9: 5.0771716 | M9: 0 | N9: 0.92232287 | O9: 9.2003535 | P9: 7.9416575 | Q9: 10.894262 | R9: 1000 | S9: 0.20287696 | T9: 20.646402 | U9: 38.238248 | V9: 245.23328 | W9: 33090 | X9: 238974 | Y9: 1.995878 | Z9: 48 | AA9: 45.336 | AB9: 27 | AC9: 8.067 | AD9: 63 | AE9: 34 | AF9: 2.8133376 | AG9: Yes | AH9: No | AI9: 20221204d | AJ9: 119733 | AK9: 7.2219675 | AL9: 0.37211076 | AM9: 0.0754927 | AN9: 0.0064155328 | AO9: 0.4463468 | AP9: 0.5536532 | AQ9: 0 | AR9: 0.0077110853 | AS9: 0.010421263 | AT9: 0.0042209736 | AU9: 0.019714434 | AV9: 0 | AW9: 0.018132348 | AX9: 0.037516742 | AY9: -0.0051326475 | AZ9: 0.0069073364 | BA9: 0.032384094 | BB9: 0.044424078 | BC9: 0.015623392 | BD9: 0.012123274 | BE9: 0.020703437 | BF9: 0 | BG9: 0.0037610021 | BH9: 0.00040089198 | BI9: 0.00037864248 | BJ9: 0.98539647 | BK9: 16579 | BL9: 0.0016285663 | BM9: 0.00024378966 | BN9: 0.00048657941 | BO9: 6.3870159 | BP9: 6.3870159 | BQ9: 2.8133376 | BR9: 0.69418964 | BS9: 0.69418964 | BT9: 0.30581036 | BU9: 0.51666912 | BV9: 0.41641213 | BW9: 4.4466551 | BX9: 2.3171751 | BY9: 0.014791801 | BZ9: 0.061625508 | CA9: 0.9 | CB9: 17.326203
A10: San_Joaquin_summer2020 | B10: 1.8153271 | C10: 3.8496495 | D10: 0 | E10: 5.6649766 | F10: 5.0284506 | G10: 6.4800611 | H10: 3.2100549 | I10: 4.6728376 | J10: 4.1948634 | K10: 3.5413521 | L10: 5.0460512 | M10: 0 | N10: 0.87037445 | O10: 10.730214 | P10: 9.591028 | Q10: 12.080986 | R10: 1000 | S10: 0.14750423 | T10: 23.632192 | U10: 35.693644 | V10: 231.42089 | W10: 31919 | X10: 238393 | Y10: 1.995878 | Z10: 94 | AA10: 90.486 | AB10: 39 | AC10: 13.306 | AD10: 151 | AE10: 65 | AF10: 2.6857016 | AG10: Yes | AH10: No | AI10: 20221204d | AJ10: 119442 | AK10: 7.4688594 | AL10: 0.3659088 | AM10: 0.053973095 | AN10: 0.0046644932 | AO10: 0.25456728 | AP10: 0.74543272 | AQ10: 0 | AR10: 0.0078442666 | AS10: 0.01663484 | AT10: 0.0090816681 | AU10: 0.026356125 | AV10: 0 | AW10: 0.024479107 | AX10: 0.046366664 | AY10: -0.0049225741 | AZ10: 0.005836861 | BA10: 0.04144409 | BB10: 0.052203525 | BC10: 0.018126555 | BD10: 0.015302647 | BE10: 0.021804649 | BF10: 0 | BG10: 0.0037610021 | BH10: 0.00078699285 | BI10: 0.00075757271 | BJ10: 0.98554216 | BK10: 15992 | BL10: 0.0024387194 | BM10: 0.0004168677 | BN10: 0.00083204102 | BO10: 8.0445128 | BP10: 8.0445128 | BQ10: 2.6857016 | BR10: 0.74970017 | BS10: 0.74970017 | BT10: 0.25029983 | BU10: 0.47205065 | BV10: 0.39093418 | BW10: 5.6649766 | BX10: 3.0755197 | BY10: 0.014471041 | BZ10: 0.061625508 | CA10: 0.9 | CB10: 17.326203
A11: San_Joaquin_fall2021 | B11: 1.7282805 | C11: 1.7377402 | D11: 0 | E11: 3.4660207 | F11: 3.0228589 | G11: 3.972279 | H11: 1.3001712 | I11: 2.2378236 | J11: 0.78481578 | K11: 0.54959351 | L11: 1.0503954 | M11: 0 | N11: 0.74474802 | O11: 4.9955845 | P11: 4.3518135 | Q11: 5.6772638 | R11: 1000 | S11: 0.10928702 | T11: 15.95883 | U11: 22.65 | V11: 198.01851 | W11: 33418 | X11: 119340 | Y11: 1.995878 | Z11: 47 | AA11: 41.375 | AB11: 35 | AC11: 15.727 | AD11: 17 | AE11: 12 | AF11: 2.4730285 | AG11: Yes | AH11: No | AI11: 20221204d | AJ11: 59793 | AK11: 3.5712238 | AL11: 0.52916543 | AM11: 0.057830912 | AN11: 0.003455959 | AO11: 0.42525237 | AP11: 0.57474763 | AQ11: 0 | AR11: 0.0087278737 | AS11: 0.0087756455 | AT11: 0.0045997528 | AU11: 0.013548137 | AV11: 0 | AW11: 0.017503519 | AX11: 0.025227867 | AY11: -0.0032510647 | AZ11: 0.0034425029 | BA11: 0.021976802 | BB11: 0.02867037 | BC11: 0.0039633457 | BD11: 0.0027754654 | BE11: 0.0053045316 | BF11: 0 | BG11: 0.0037610021 | BH11: 0.00078604519 | BI11: 0.00069197063 | BJ11: 0.95976675 | BK11: 16743 | BL11: 0.0020904258 | BM11: 0.00047061464 | BN11: 0.00093931792 | BO11: 2.522556 | BP11: 2.522556 | BQ11: 2.4730285 | BR11: 0.50494698 | BS11: 0.50494698 | BT11: 0.49505302 | BU11: 0.30618291 | BV11: 0.15709834 | BW11: 3.4660207 | BX11: 1.924801 | BY11: 0.011826943 | BZ11: 0.061625508 | CA11: 0.9 | CB11: 17.326203
A12: Denver_summer2021 | B12: 12.234468 | C12: 2.3200421 | D12: 0 | E12: 14.55451 | F12: 13.822272 | G12: 15.414169 | H12: 1.6529576 | I12: 3.1666956 | J12: 0.69767269 | K12: 0.46040084 | L12: 1.0375998 | M12: 0 | N12: 6.246524 | O12: 21.498707 | P12: 19.585127 | Q12: 23.532087 | R12: 1000 | S12: 0.048155172 | T12: 11.102345 | U12: 74.394 | V12: 1997.3945 | W12: 11671 | X12: 59356 | Y12: 1.6088026 | Z12: 34 | AA12: 27.303 | AB12: 27 | AC12: 8.473 | AD12: 24 | AE12: 9 | AF12: 18.480992 | AG12: Yes | AH12: No | AI12: 20221204d | AJ12: 36894 | AK12: 5.0860215 | AL12: 0.44341553 | AM12: 0.021352751 | AN12: 0.0015228002 | AO12: 0.89945091 | AP12: 0.10054909 | AQ12: 0 | AR12: 0.0061252138 | AS12: 0.0011615342 | AT12: 0.00040834156 | AU12: 0.0021174749 | AV12: 0 | AW12: 0.007286748 | AX12: 0.010763376 | AY12: -0.00095803824 | AZ12: 0.0010180161 | BA12: 0.0098053373 | BB12: 0.011781392 | BC12: 0.00034929138 | BD12: 0.0002305007 | BE12: 0.00051947667 | BF12: 0 | BG12: 0.0031273362 | BH12: 0.00092155906 | BI12: 0.00074003903 | BJ12: 0.97700712 | BK12: 7254 | BL12: 0.0037220844 | BM12: 0.00072598749 | BN12: 0.0011680452 | BO12: 3.0177148 | BP12: 3.0177148 | BQ12: 18.480992 | BR12: 0.14036515 | BS12: 0.14036515 | BT12: 0.85963485 | BU12: 0.32300552 | BV12: 0.032451304 | BW12: 14.55451 | BX12: 1.1622844 | BY12: 0.27535077 | BZ12: 0.0097082922 | CA12: 0.9 | CB12: 17.326203
A13: Denver_fall2021 | B13: 12.339325 | C13: 2.3156748 | D13: 0 | E13: 14.655 | F13: 13.855377 | G13: 15.658204 | H13: 1.5785775 | I13: 3.3169494 | J13: 2.3299625 | K13: 1.5583906 | L13: 4.1121017 | M13: 0 | N13: 6.1693766 | O13: 23.154339 | P13: 20.830723 | Q13: 26.206328 | R13: 1000 | S13: 0.08969653 | T13: 10.160213 | U13: 67.633 | V13: 1972.7258 | W13: 11688 | X13: 67811 | Y13: 1.6088026 | Z13: 40 | AA13: 31.439 | AB13: 33 | AC13: 8.498 | AD13: 29 | AE13: 21 | AF13: 18.508702 | AG13: Yes | AH13: No | AI13: 20221204d | AJ13: 42149 | AK13: 5.8016518 | AL13: 0.41516829 | AM13: 0.037239155 | AN13: 0.0028364533 | AO13: 0.87637878 | AP13: 0.12362122 | AQ13: 0 | AR13: 0.0062549624 | AS13: 0.0011738453 | AT13: 0.00027386307 | AU13: 0.0023963831 | AV13: 0 | AW13: 0.0074288077 | AX13: 0.011737232 | AY13: -0.0011778708 | AZ13: 0.0015470919 | BA13: 0.010559361 | BB13: 0.013284324 | BC13: 0.0011810879 | BD13: 0.00078996821 | BE13: 0.0020844771 | BF13: 0 | BG13: 0.0031273362 | BH13: 0.00094901421 | BI13: 0.00074590144 | BJ13: 0.97501225 | BK13: 7265 | BL13: 0.0045423262 | BM13: 0.0007270705 | BN13: 0.0011697178 | BO13: 4.6456373 | BP13: 4.6456373 | BQ13: 18.508702 | BR13: 0.20063592 | BS13: 0.20063592 | BT13: 0.79936408 | BU13: 0.36707247 | BV13: 0.10062586 | BW13: 14.655 | BX13: 1.157992 | BY13: 0.2715383 | BZ13: 0.0097082922 | CA13: 0.9 | CB13: 17.326203
A14: Pennsylvania_2021 | B14: 11.887088 | C14: 38.618609 | D14: 0 | E14: 50.505698 | F14: 44.324884 | G14: 56.843126 | H14: 32.473322 | I14: 44.953614 | J14: 7.8387248 | K14: 5.5018292 | L14: 10.221656 | M14: 0 | N14: 18.142916 | O14: 76.487338 | P14: 66.764863 | Q14: 86.609245 | R14: 1000 | S14: 0.060215204 | T14: 92.241416 | U14: 105.96519 | V14: 10242.48 | W14: 16105 | X14: 27797 | Y14: 1.2580446 | Z14: 64 | AA14: 61.961 | AB14: 43 | AC14: 29.49 | AD14: 23 | AE14: 17 | AF14: 30.030004 | AG14: Yes | AH14: No | AI14: 20221204d | AJ14: 22095 | AK14: 1.726037 | AL14: 0.76115823 | AM14: 0.045833298 | AN14: 0.001904172 | AO14: 0.072735953 | AP14: 0.92726405 | AQ14: 0 | AR14: 0.0011605674 | AS14: 0.0037704354 | AT14: 0.0029821888 | AU14: 0.0045830168 | AV14: 0 | AW14: 0.0049310028 | AX14: 0.007467658 | AY14: -0.00094923052 | AZ14: 0.00098822811 | BA14: 0.0065184275 | BB14: 0.0084558861 | BC14: 0.00076531512 | BD14: 0.00053715791 | BE14: 0.00099796691 | BF14: 0 | BG14: 0.0017713401 | BH14: 0.0028965829 | BI14: 0.0028042996 | BJ14: 0.99285007 | BK14: 12801 | BL14: 0.0033591126 | BM14: 0.0018311084 | BN14: 0.0023037263 | BO14: 46.457334 | BP14: 46.457334 | BQ14: 30.030004 | BR14: 0.60738344 | BS14: 0.60738344 | BT14: 0.39261656 | BU14: 0.33968713 | BV14: 0.1024841 | BW14: 50.505698 | BX14: 4.2184119 | BY14: 0.80013124 | BZ14: 0.0054988291 | CA14: 0.9 | CB14: 17.326203
... A19: Permian_2019_F2021_Midland | B19: 8.9700354 | C19: 46.360864 | D19: 0 | E19: 55.330899 | F19: 51.877515 | G19: 59.20385 | H19: 42.897833 | I19: 50.170992 | J19: 38.241964 | K19: 31.850662 | L19: 45.919264 | M19: 0 | N19: 4.1551174 | O19: 97.727981 | P19: 89.894653 | Q19: 107.14931 | R19: 1000 | S19: 0.10456281 | T19: 16.353134 | U19: 113.01 | V19: 1142.5856 | W19: 9209 | X19: 51783 | Y19: 1.8250769 | Z19: 130 | AA19: 124.181 | AB19: 93 | AC19: 49.045 | AD19: 123 | AE19: 76 | AF19: 13.125153 | AG19: Yes | AH19: No | AI19: 20221204d | AJ19: 28373 | AK19: 5.6239841 | AL19: 0.4216751 | AM19: 0.044091535 | AN19: 0.0033065665 | AO19: 0.24043398 | AP19: 0.75956602 | AQ19: 0 | AR19: 0.007850646 | AS19: 0.040575396 | AT19: 0.0333877 | AU19: 0.048483508 | AV19: 0 | AW19: 0.048426042 | AX19: 0.085532304 | AY19: -0.0068557907 | AZ19: 0.0082456186 | BA19: 0.078676513 | BB19: 0.093777922 | BC19: 0.03346967 | BD19: 0.027875951 | BE19: 0.040188903 | BF19: 0 | BG19: 0.0036365916 | BH19: 0.0045818207 | BI19: 0.0043767314 | BJ19: 0.92630547 | BK19: 5045 | BL19: 0.018434093 | BM19: 0.0053257683 | BN19: 0.0097215064 | BO19: 84.602828 | BP19: 84.602828 | BQ19: 13.125153 | BR19: 0.86569583 | BS19: 0.86569583 | BT19: 0.13430417 | BU19: 0.43382428 | BV19: 0.39130676 | BW19: 55.330899 | BX19: 5.7138058 | BY19: 0.22647882 | BZ19: 0.011491852 | CA19: 0.9 | CB19: 17.326203
A20: Northeast_Pennsylvania_2021 | B20: 1.1080758 | C20: 19.420285 | D20: 0 | E20: 20.528361 | F20: 17.055863 | G20: 23.905477 | H20: 15.947922 | I20: 22.784746 | J20: 8.3596463 | K20: 5.7182021 | L20: 10.971639 | M20: 0 | N20: 9.0260916 | O20: 37.914099 | P20: 32.204061 | Q20: 43.913326 | R20: 1000 | S20: 0.069921149 | T20: 495.44526 | U20: 495.44526 | V20: 5095.6288 | W20: 2996 | X20: 4039 | Y20: 1.2580446 | Z20: 12 | AA20: 11 | AB20: 12 | AC20: 11.48 | AD20: 4 | AE20: 4 | AF20: 10.134167 | AG20: Yes | AH20: No | AI20: 20230308 | AJ20: 3210 | AK20: 1.348173 | AL20: 0.86124593 | AM20: 0.060219304 | AN20: 0.0022111009 | AO20: 0.020142089 | AP20: 0.97985791 | AQ20: 0 | AR20: 0.00021745615 | AS20: 0.0038111656 | AT20: 0.0030199402 | AU20: 0.0045778038 | AV20: 0 | AW20: 0.0040286217 | AX20: 0.0074405143 | AY20: -0.0011205757 | AZ20: 0.0011773282 | BA20: 0.0063199385 | BB20: 0.0086178425 | BC20: 0.0016405524 | BD20: 0.0011221779 | BE20: 0.0021531473 | BF20: 0 | BG20: 0.0017713401 | BH20: 0.0037383178 | BI20: 0.0034267913 | BJ20: 1 | BK20: 2381 | BL20: 0.0050398992 | BM20: 0.0038317757 | BN20: 0.0048215036 | BO20: 27.779931 | BP20: 27.779931 | BQ20: 10.134167 | BR20: 0.7327066 | BS20: 0.7327066 | BT20: 0.2672934 | BU20: 0.45855508 | BV20: 0.22048749 | BW20: 20.528361 | BX20: 18.527448 | BY20: 2.1401213 | BZ20: 0.0054988291 | CA20: 0.9 | CB20: 17.326203
A21: GHGI 2022 (for 2020) | AI21: 1 | AR21: 0.0048 | AW21: 0.004942 | AX21: =AW21+BG21 -> 0.010092 | AY21: -0.00204 | AZ21: 0.00213 | BA21: =AX21+AY21 -> 0.008052 | BB21: =AX21+AZ21 -> 0.012222 | BG21: 0.00515
A22: GHGI NM 2019
A23: GHGI TX 2021
A24: GHGI CA 2021
A25: GHGI CO 2021
A26: GHGI PA 2021 | U26: Fraction of national gas covered | V26: =V27/V30 -> 0.28137144
A27: Totals excluding repeats | O27: =O3+O7+O13+O14+O15+O16 -> 716.77204 | P27: =P3+P7+P13+P14+P15+P16 -> 675.76458 | Q27: =Q3+Q7+Q13+Q14+Q15+Q16 -> 760.29193 | V27: =V3+V7+V13+V14+V15+V16 -> 23994.401 | W27: =W3+W7+W13+W14+W15+W16 -> 170569 | X27: =X3+X7+X13+X14+X15+X16 -> 549072 | AC27: =AC3+AC7+AC13+AC14+AC15+AC16 -> 601.395 | AI27: 1 | AJ27: =AJ3+AJ7+AJ13+AJ14+AJ15+AJ16 -> 316771 | AK27: =X27/W27 -> 3.2190609 | AX27: =O27/$V27 -> 0.029872471 | AY27: =P27/$V27 -> 0.028163428 | AZ27: =Q27/$V27 -> 0.031686222 | BK27: =BK3+BK7+BK13+BK14+BK15+BK16 -> 100159 | BN27: =AC27/BK27 -> 0.006004403
A28: Totals including repeats (no 2019 subcampaigns) | O28: =SUM(O2:O16) -> 1362.42 | P28: =SUM(P2:P16) -> 1273.3115 | Q28: =SUM(Q2:Q16) -> 1458.9407 | V28: =SUM(V2:V16) -> 45847.976 | W28: =SUM(W2:W16) -> 398499 | X28: =SUM(X2:X16) -> 1714261 | AC28: =SUM(AC2:AC16) -> 1240.398 | AI28: 1 | AJ28: =SUM(AJ2:AJ16) -> 959573 | AK28: =AJ28/BK27 -> 9.580497 | AX28: =O28/$V28 -> 0.029716033 | AY28: =P28/$V28 -> 0.027772469 | AZ28: =Q28/$V28 -> 0.031821267 | BK28: =SUM(BK2:BK16) -> 228449 | BN28: =AC28/BK28 -> 0.0054296495
A29: Totals excluding high-prod campaigns | O29: =O2+O3+SUM(O7:O13)+O15+O16 -> 890.44629 | P29: =P2+P3+SUM(P7:P13)+P15+P16 -> 840.80508 | Q29: =Q2+Q3+SUM(Q7:Q13)+Q15+Q16 -> 946.02412 | V29: =V2+V3+SUM(V7:V13)+V15+V16 -> 18660.699 | AX29: =O29/$V29 -> 0.047717735 | AY29: =P29/$V29 -> 0.045057533 | AZ29: =Q29/$V29 -> 0.050696071
N30: Social cost of methane [$/t] | O30: 1500 | U30: 2021 US gas prod | V30: 85276.605 | BQ30: Methane fractional loss partial
A31: Permian total | N31: Hours per day | O31: 8760 | W31: =SUM(W2:W6) -> 162037 | X31: =SUM(X2:X6) -> 643575 | Z31: =SUM(Z2:Z6) -> 3866 | AA31: =SUM(AA2:AA6) -> 3608.726 | AB31: =SUM(AB2:AB6) -> 2358 | AC31: =SUM(AC2:AC6) -> 1060.852 | AD31: =SUM(AD2:AD6) -> 3335 | AE31: =SUM(AE2:AE6) -> 1738 | AJ31: =SUM(AJ2:AJ6) -> 375906 | AK31: =AJ31/BK31 -> 3.9587388 | BK31: =SUM(BK2:BK6) -> 94956 | BQ31: FracLossProd
A32: San Joaquin total | N32: GWP20 (IPCC 2021) | O32: 82.5 | P32: https://report.ipcc.ch/ar6/wg1/IPCC_AR6_WGI_FullReport.pdf | Q32: Table 7.15 | W32: =SUM(W7:W11) -> 180339 | X32: =SUM(X7:X11) -> 870400 | Z32: =SUM(Z7:Z11) -> 352 | AA32: =SUM(AA7:AA11) -> 326.233 | AB32: =SUM(AB7:AB11) -> 195 | AC32: =SUM(AC7:AC11) -> 68.13 | AD32: =SUM(AD7:AD11) -> 423 | AE32: =SUM(AE7:AE11) -> 236 | AJ32: =SUM(AJ7:AJ11) -> 455616 | AK32: =AJ32/BK32 -> 4.73633 | BK32: =SUM(BK7:BK11) -> 96196 | BQ32: Methane fractional loss total
A33: Denver total | N33: Emissions [tCH4/yr] | O33: =O27*$O$31 -> 6278923.1 | P33: =P27*$O$31 -> 5919697.7 | Q33: =Q27*$O$31 -> 6660157.3 | W33: =W12+W13 -> 23359 | X33: =X12+X13 -> 127167 | Z33: =Z12+Z13 -> 74 | AA33: =AA12+AA13 -> 58.742 | AB33: =AB12+AB13 -> 60 | AC33: =AC12+AC13 -> 16.971 | AD33: =AD12+AD13 -> 53 | AE33: =AE12+AE13 -> 30 | AJ33: =AJ12+AJ13 -> 79043 | AK33: =AJ33/BK33 -> 5.4441077 | BK33: =BK12+BK13 -> 14519 | BQ33: FracLossP2.5
A34: Per+SJ+DJ | N34: Emissions [tCO2e/yr] | O34: =O33*$O$32 -> 5.1801116e+08 | P34: =P33*$O$32 -> 4.8837506e+08 | Q34: =Q33*$O$32 -> 5.4946298e+08 | W34: =SUM(W31:W33) -> 365735 | X34: =SUM(X31:X33) -> 1641142 | AJ34: =SUM(AJ31:AJ33) -> 910565 | AK34: =AJ34/BK34 -> 4.4272892 | BK34: =SUM(BK31:BK33) -> 205671 | BQ34: FracLossP97.5
N35: Annual social cost of emissions [$/yr] | O35: =O33*$O$30 -> 9.4183846e+09 | P35: =P33*$O$30 -> 8.8795466e+09 | Q35: =Q33*$O$30 -> 9.990236e+09 | BQ35: FracLossP2.5Full
N36: NG cost [$/mcf] | O36: 3 | U36: =V27*$O31/$O37 -> 1.2128734e+10 | BQ36: FracLossP97.5Full
N37: tCH4/mcf(NG) | O37: 0.01733 | U37: =V30*$O31/$O37 -> 4.3105774e+10 | BQ37: FracLossMid
N38: Annual NG emissions [mcf/yr] | O38: =O33/$O$37 -> 3.6231524e+08 | P38: =P33/$O$37 -> 3.4158671e+08 | Q38: =Q33/$O$37 -> 3.8431375e+08 | BQ38: FracLossMidP2.5
N39: Annual NG value | O39: =O38*$O$36 -> 1.0869457e+09 | P39: =P38*$O$36 -> 1.0247601e+09 | Q39: =Q38*$O$36 -> 1.1529413e+09 | BQ39: FracLossMidP97.5
N40: Price/t(CH4) | O40: =O36/O37 -> 173.11021 | BQ40: FracLossMidPartial
BQ41: FracLossMidGHGI
BQ42: % aerial
BQ43: % aerial sel
BQ44: Fraction sim retained
BQ45: Sites covered
BQ46: % wells ever emitting
BQ47: Avg % wells emitting
BQ48: Avg % sites emitting
BQ49: Total aerial
BQ50: Total aerial+partial emissions
BQ51: Total sim emissions
BQ52: Frac aerial
... BQ59: Production/site covered

Sheet GHGRP gas comp
A1: Scenario | B1: Simulation (t/h) | C1: Aerial (t/h) | D1: Partial (t/h) | E1: Total emissions (t/h) | F1: Total emissions P2.5 | G1: Total emissions P97.5 | H1: Aerial emissions P2.5 | I1: Aerial emissions P97.5 | J1: Aerial midstream emissions (t/h) | K1: Aerial midstream emissions P2.5 | L1: Aerial midstream emissions P97.5 | M1: Midstream partial detect (t/h) | N1: Midstream GHGI below min detect (t/h) | O1: Total emissions + midstream (t/h) | P1: Total emissions + midstream P2.5 | Q1: Total emissions + midstream P97.5 | R1: N | S1: % SDev of MC iterations | T1: Min detected emission | U1: Transition point | V1: Total covered production (t(CH4)/hr) | W1: Wells covered | X1: Well visits | Y1: Wells per site | Z1: # production plumes | AA1: # production plumes sel | AB1: # prod sources overall | AC1: # avg prod sources sim | AD1: # midstream plumes | AE1: # midstream sources | AF1: Total sim emissions | AG1: Stratify by covered prod | AH1: Include repeats | AI1: High prod | AJ1: Well site visits | AK1: Avg visits/well | AL1: SD to SErr factor | AM1: SErr of mean total emissions | AN1: Serr of sample mean | AO1: Simulation % | AP1: Aerial % | AQ1: Partial % | AR1: Methane fractional loss simulation | AS1: Methane fractional loss aerial | AT1: AerialFracLossP2.5 | AU1: AerialFracLossP97.5 | AV1: Methane fractional loss partial | AW1: FracLossProd | AX1: Methane fractional loss total | AY1: FracLossP2.5 | AZ1: FracLossP97.5 | BA1: FracLossP2.5Full | BB1: FracLossP97.5Full | BC1: FracLossMid | BD1: FracLossMidP2.5 | BE1: FracLossMidP97.5 | BF1: FracLossMidPartial | BG1: FracLossMidGHGI | BH1: % aerial | BI1: % aerial sel | BJ1: Fraction sim retained | BK1: Sites covered | BL1: % wells ever emitting | BM1: Avg % wells emitting | BN1: Avg % sites emitting | BO1: Total aerial | BP1: Total aerial+partial emissions | BQ1: Total sim emissions | BR1: Frac aerial | BS1: Frac aerial+partial | BT1: Frac sim | BU1: Frac midstream | BV1: Frac midstream aerial | BW1: Total production emissions | BX1: Total/Sim | BY1: Production/site covered | BZ1: State GHGI | CA1: NG methane fraction | CB1: kgCH4 per mcfNG
A2: Kairos_Permian | B2: 16.825598 | C2: 78.160959 | D2: 5.6541529 | E2: 100.64071 | F2: 93.596458 | G2: 109.47365 | H2: 71.066287 | I2: 86.784899 | J2: 73.600746 | K2: 67.258116 | L2: 83.875294 | M2: 6.2658452 | N2: 8.216505 | O2: 188.72381 | P2: 177.12981 | Q2: 203.66241 | R2: 1000 | S2: 0.06580505 | T2: 7.0962343 | U2: 19.125 | V2: 1388.3755 | W2: 21637 | X2: 81564 | Y2: 1.2 | Z2: 1083 | AA2: 1082.161 | AB2: 537 | AC2: 258.778 | AD2: 902 | AE2: 415 | AF2: 25.042103 | AG2: Yes | AH2: No | AI2: 20221204c | AJ2: 67970 | AK2: 3.7698281 | AL2: 0.51503795 | AM2: 0.033892098 | AN2: 0.0020809384 | AO2: 0.15312134 | AP2: 0.83485667 | AQ2: 0.012021984 | AR2: 0.012118911 | AS2: 0.056296702 | AT2: 0.046375 | AU2: 0.068357041 | AV2: 0.0040724956 | AW2: 0.072488108 | AX2: 0.13593139 | AY2: -0.008350767 | AZ2: 0.010759768 | BA2: 0.12758062 | BB2: 0.14669116 | BC2: 0.053012134 | BD2: 0.048443751 | BE2: 0.060412544 | BF2: 0.0036681585 | BG2: 0.0059180713 | BH2: 0.0159335 | BI2: 0.015921156 | BJ2: 0.71731139 | BK2: 18030 | BL2: 0.029783694 | BM2: 0.011959976 | BN2: 0.014352634 | BO2: 151.76171 | BP2: 158.02755 | BQ2: 25.042103 | BR2: 0.80414641 | BS2: 0.83734774 | BT2: 0.13269244 | BU2: 0.46672855 | BV2: 0.38998972 | BW2: 100.64071 | BX2: 4.290557 | BY2: 0.077003631 | BZ2: 0.017544221 | CA2: 0.64011733 | CB2: 12.323114
A3: Permian_2019 | B3: 69.489305 | C3: 236.22166 | D3: 0 | E3: 305.71096 | F3: 295.96222 | G3: 316.13296 | H3: 226.69534 | I3: 246.50276 | J3: 212.5112 | K3: 200.48743 | L3: 226.6524 | M3: 0 | N3: 42.363324 | O3: 560.58549 | P3: 537.54035 | Q3: 584.98518 | R3: 1000 | S3: 0.030554512 | T3: 15.029525 | U3: 59.787 | V3: 7487.1072 | W3: 84570 | X3: 326908 | Y3: 1.8250769 | Z3: 1749 | AA3: 1644.851 | AB3: 1054 | AC3: 483.402 | AD3: 1272 | AE3: 679 | AF3: 111.85263 | AG3: Yes | AH3: No | AI3: 20221204c | AJ3: 179120 | AK3: 3.8655934 | AL3: 0.50861822 | AM3: 0.015540582 | AN3: 0.0009662185 | AO3: 0.3531913 | AP3: 0.6468087 | AQ3: 0 | AR3: 0.0092811954 | AS3: 0.031550457 | AT3: 0.02904885 | AU3: 0.034250271 | AV3: 0 | AW3: 0.040831653 | AX3: 0.074873442 | AY3: -0.0030779767 | AZ3: 0.0032588947 | BA3: 0.071795465 | BB3: 0.078132336 | BC3: 0.028383619 | BD3: 0.026777689 | BE3: 0.030272359 | BF3: 0 | BG3: 0.0056581699 | BH3: 0.0097644038 | BI3: 0.0091829556 | BJ3: 0.82971733 | BK3: 46337 | BL3: 0.022746401 | BM3: 0.0057159986 | BN3: 0.010432311 | BO3: 448.73286 | BP3: 448.73286 | BQ3: 111.85263 | BR3: 0.80047167 | BS3: 0.80047167 | BT3: 0.19952833 | BU3: 0.45465755 | BV3: 0.37908774 | BW3: 305.71096 | BX3: 3.6502522 | BY3: 0.16157946 | BZ3: 0.016157454 | CA3: 0.64011733 | CB3: 12.323114
A4: Permian_2020 | B4: 22.373772 | C4: 35.02381 | D4: 0 | E4: 57.397582 | F4: 53.968669 | G4: 61.180328 | H4: 31.80234 | I4: 38.645861 | J4: 60.168404 | K4: 53.532429 | L4: 67.318494 | M4: 0 | N4: 18.105876 | O4: 135.67186 | P4: 124.8302 | Q4: 147.11112 | R4: 1000 | S4: 0.050538176 | T4: 8.0919112 | U4: 82.13 | V4: 3397.238 | W4: 17120 | X4: 48890 | Y4: 1.8250769 | Z4: 284 | AA4: 247.603 | AB4: 239 | AC4: 101.245 | AD4: 316 | AE4: 233 | AF4: 40.479648 | AG4: Yes | AH4: No | AI4: 20221204c | AJ4: 26787 | AK4: 2.8557569 | AL4: 0.59175152 | AM4: 0.029906043 | AN4: 0.0015981575 | AO4: 0.53308934 | AP4: 0.46691066 | AQ4: 0 | AR4: 0.0065858711 | AS4: 0.010309496 | AT4: 0.00870703 | AU4: 0.012111223 | AV4: 0 | AW4: 0.016895367 | AX4: 0.039935931 | AY4: -0.0031913181 | AZ4: 0.0033672242 | BA4: 0.036744613 | BB4: 0.043303155 | BC4: 0.017710977 | BD4: 0.015757633 | BE4: 0.019815654 | BF4: 0 | BG4: 0.0053295873 | BH4: 0.010602158 | BI4: 0.0092434017 | BJ4: 0.82919664 | BK4: 9380 | BL4: 0.025479744 | BM4: 0.0059138435 | BN4: 0.01079371 | BO4: 95.192215 | BP4: 95.192215 | BQ4: 40.479648 | BR4: 0.70163463 | BS4: 0.70163463 | BT4: 0.29836537 | BU4: 0.57693794 | BV4: 0.44348412 | BW4: 57.397582 | BX4: 2.1272204 | BY4: 0.36217889 | BZ4: 0.014958183 | CA4: 0.64145542 | CB4: 12.348874
A5: Permian_fall2021 | B5: 30.306 | C5: 35.332186 | D5: 0 | E5: 65.638186 | F5: 61.923953 | G5: 69.861354 | H5: 31.649449 | I5: 39.452821 | J5: 44.134437 | K5: 39.327962 | L5: 49.339199 | M5: 0 | N5: 23.599062 | O5: 133.37169 | P5: 123.03468 | Q5: 144.62584 | R5: 1000 | S5: 0.056321968 | T5: 23.348039 | U5: 78.128 | V5: 4484.25 | W5: 19670 | X5: 94306 | Y5: 1.8250769 | Z5: 334 | AA5: 274.886 | AB5: 232 | AC5: 92.825 | AD5: 368 | AE5: 179 | AF5: 53.905062 | AG5: Yes | AH5: No | AI5: 20221204c | AJ5: 51672 | AK5: 4.7946553 | AL5: 0.45668979 | AM5: 0.025721668 | AN5: 0.001781057 | AO5: 0.70390981 | AP5: 0.29609019 | AQ5: 0 | AR5: 0.0067583208 | AS5: 0.0078791741 | AT5: 0.0060808847 | AU5: 0.0098912903 | AV5: 0 | AW5: 0.014637495 | AX5: 0.02974225 | AY5: -0.0023051797 | AZ5: 0.0025097077 | BA5: 0.027437071 | BB5: 0.032251958 | BC5: 0.0098421001 | BD5: 0.0087702432 | BE5: 0.011002776 | BF5: 0 | BG5: 0.0052626554 | BH5: 0.0064638489 | BI5: 0.0053198251 | BJ5: 0.82664949 | BK5: 10777 | BL5: 0.021527327 | BM5: 0.0047191154 | BN5: 0.0086132504 | BO5: 79.466623 | BP5: 79.466623 | BQ5: 53.905062 | BR5: 0.59582544 | BS5: 0.59582544 | BT5: 0.40417456 | BU5: 0.50785537 | BV5: 0.33091186 | BW5: 65.638186 | BX5: 1.7903951 | BY5: 0.41609446 | BZ5: 0.014806435 | CA5: 0.64802956 | CB5: 12.475435
A6: Permian_summer2021 | B6: 27.894872 | C6: 37.083616 | D6: 0 | E6: 64.978488 | F6: 61.834649 | G6: 68.379499 | H6: 33.95668 | I6: 40.421547 | J6: 45.034612 | K6: 41.362358 | L6: 49.102822 | M6: 0 | N6: 22.547873 | O6: 132.56097 | P6: 123.5925 | Q6: 141.89731 | R6: 1000 | S6: 0.044988881 | T6: 11.813408 | U6: 67.618 | V6: 4284.5048 | W6: 19040 | X6: 91907 | Y6: 1.8250769 | Z6: 416 | AA6: 361.369 | AB6: 296 | AC6: 124.684 | AD6: 477 | AE6: 232 | AF6: 50.442744 | AG6: Yes | AH6: No | AI6: 20221204c | AJ6: 50357 | AK6: 4.8271664 | AL6: 0.45514928 | AM6: 0.020476657 | AN6: 0.0014226733 | AO6: 0.70526178 | AP6: 0.29473822 | AQ6: 0 | AR6: 0.0065106407 | AS6: 0.0086552863 | AT6: 0.0070518027 | AU6: 0.010366967 | AV6: 0 | AW6: 0.015165927 | AX6: 0.030939625 | AY6: -0.0020932342 | AZ6: 0.0021790943 | BA6: 0.028846391 | BB6: 0.033118719 | BC6: 0.010511042 | BD6: 0.0096539413 | BE6: 0.011460559 | BF6: 0 | BG6: 0.0052626554 | BH6: 0.0082610163 | BI6: 0.0071761423 | BJ6: 0.80104396 | BK6: 10432 | BL6: 0.028374233 | BM6: 0.0065485294 | BN6: 0.011952071 | BO6: 82.118228 | BP6: 82.118228 | BQ6: 50.442744 | BR6: 0.61947487 | BS6: 0.61947487 | BT6: 0.38052513 | BU6: 0.50982176 | BV6: 0.33972727 | BW6: 64.978488 | BX6: 1.8659495 | BY6: 0.4107079 | BZ6: 0.014806435 | CA6: 0.64802956 | CB6: 12.475435
A7: San_Joaquin_2016 | B7: 2.5833259 | C7: 2.3916837 | D7: 0 | E7: 4.9750095 | F7: 4.1661412 | G7: 5.8923778 | H7: 1.6039578 | I7: 3.316716 | J7: 4.7855843 | K7: 3.667111 | L7: 6.2559182 | M7: 0 | N7: 1.3815949 | O7: 11.142189 | P7: 9.5308319 | Q7: 13.212094 | R7: 1000 | S7: 0.10282682 | T7: 9 | U7: 41.104 | V7: 149.28349 | W7: 41547 | X7: 81234 | Y7: 1.7471737 | Z7: 77 | AA7: 69.045 | AB7: 40 | AC7: 15.041 | AD7: 48 | AE7: 36 | AF7: 3.9649208 | AG7: Yes | AH7: No | AI7: 20221204c | AJ7: 46494 | AK7: 1.9552546 | AL7: 0.71515197 | AM7: 0.073536804 | AN7: 0.0032516696 | AO7: 0.75007171 | AP7: 0.24992829 | AQ7: 0 | AR7: 0.017304833 | AS7: 0.016021086 | AT7: 0.0086426388 | AU7: 0.024685652 | AV7: 0 | AW7: 0.03332592 | AX7: 0.074637784 | AY7: -0.010793939 | AZ7: 0.013865598 | BA7: 0.063843845 | BB7: 0.088503382 | BC7: 0.032057024 | BD7: 0.024564746 | BE7: 0.041906297 | BF7: 0 | BG7: 0.0092548406 | BH7: 0.0016561277 | BI7: 0.0014850303 | BJ7: 0.98987945 | BK7: 23779 | BL7: 0.0016821565 | BM7: 0.00036202373 | BN7: 0.00063253291 | BO7: 7.177268 | BP7: 7.177268 | BQ7: 3.9649208 | BR7: 0.64414798 | BS7: 0.64414798 | BT7: 0.35585202 | BU7: 0.55349641 | BV7: 0.42949785 | BW7: 4.9750095 | BX7: 1.9063246 | BY7: 0.0062779548 | BZ7: 0.10179783 | CA7: 0.50705036 | CB7: 9.7613973
A8: San_Joaquin_2017 | B8: 2.672634 | C8: 4.4836227 | D8: 0 | E8: 7.1562567 | F8: 6.3872147 | G8: 8.0603015 | H8: 3.7366774 | I8: 5.3829448 | J8: 7.4170192 | K8: 6.1694421 | L8: 8.8375579 | M8: 0 | N8: 1.4567203 | O8: 16.029996 | P8: 14.233217 | Q8: 17.954099 | R8: 1000 | S8: 0.11504144 | T8: 11 | U8: 41.987 | V8: 151.94599 | W8: 40365 | X8: 192459 | Y8: 1.7471737 | Z8: 86 | AA8: 80.015 | AB8: 54 | AC8: 15.949 | AD8: 144 | AE8: 89 | AF8: 4.1293543 | AG8: Yes | AH8: No | AI8: 20221204c | AJ8: 110154 | AK8: 4.7679522 | AL8: 0.45796686 | AM8: 0.052685168 | AN8: 0.0036379298 | AO8: 0.34370242 | AP8: 0.65629758 | AQ8: 0 | AR8: 0.017589368 | AS8: 0.029508002 | AT8: 0.018773906 | AU8: 0.042431853 | AV8: 0 | AW8: 0.04709737 | AX8: 0.10549799 | AY8: -0.011825116 | AZ8: 0.01266307 | BA8: 0.093672869 | BB8: 0.11816106 | BC8: 0.048813523 | BD8: 0.040602861 | BE8: 0.058162493 | BF8: 0 | BG8: 0.0095870926 | BH8: 0.00078072517 | BI8: 0.00072639214 | BJ8: 0.98250454 | BK8: 23103 | BL8: 0.0023373588 | BM8: 0.00039511953 | BN8: 0.00069034325 | BO8: 11.900642 | BP8: 11.900642 | BQ8: 4.1293543 | BR8: 0.74239198 | BS8: 0.74239198 | BT8: 0.25760802 | BU8: 0.55356299 | BV8: 0.46268592 | BW8: 7.1562567 | BX8: 2.6307915 | BY8: 0.0065768945 | BZ8: 0.10202051 | CA8: 0.48039275 | CB8: 9.2482028
A9: San_Joaquin_fall2020 | B9: 1.8921156 | C9: 2.5685247 | D9: 0 | E9: 4.4606403 | F9: 3.8321635 | G9: 5.2698563 | H9: 1.9295777 | I9: 3.3722109 | J9: 3.8247168 | K9: 2.9692827 | L9: 5.037903 | M9: 0 | N9: 1.092702 | O9: 9.3780591 | P9: 8.0771744 | Q9: 11.023999 | R9: 1000 | S9: 0.19377337 | T9: 20.646402 | U9: 38.971856 | V9: 122.54336 | W9: 33090 | X9: 238974 | Y9: 1.995878 | Z9: 48 | AA9: 45.151 | AB9: 27 | AC9: 8.082 | AD9: 63 | AE9: 34 | AF9: 2.9848176 | AG9: Yes | AH9: No | AI9: 20221204c | AJ9: 119733 | AK9: 7.2219675 | AL9: 0.37211076 | AM9: 0.072105157 | AN9: 0.006127652 | AO9: 0.44720469 | AP9: 0.55279531 | AQ9: 0 | AR9: 0.015440376 | AS9: 0.02096013 | AT9: 0.0069480436 | AU9: 0.038584942 | AV9: 0 | AW9: 0.036400506 | AX9: 0.076528496 | AY9: -0.010615709 | AZ9: 0.013431488 | BA9: 0.065912787 | BB9: 0.089959984 | BC9: 0.03121113 | BD9: 0.024230466 | BE9: 0.041111187 | BF9: 0 | BG9: 0.0089168599 | BH9: 0.00040089198 | BI9: 0.00037709737 | BJ9: 0.98438024 | BK9: 16579 | BL9: 0.0016285663 | BM9: 0.00024424297 | BN9: 0.00048748417 | BO9: 6.3932415 | BP9: 6.3932415 | BQ9: 2.9848176 | BR9: 0.68169639 | BS9: 0.68169639 | BT9: 0.31830361 | BU9: 0.52433693 | BV9: 0.40780957 | BW9: 4.4606403 | BX9: 2.3206948 | BY9: 0.0073914808 | BZ9: 0.12332472 | CA9: 0.44973107 | CB9: 8.6579244
A10: San_Joaquin_summer2020 | B10: 1.8128958 | C10: 3.8640125 | D10: 0 | E10: 5.6769083 | F10: 4.9856671 | G10: 6.5499157 | H10: 3.1867883 | I10: 4.7404443 | J10: 4.1744367 | K10: 3.5456758 | L10: 5.0869761 | M10: 0 | N10: 1.0311572 | O10: 10.882502 | P10: 9.7209446 | Q10: 12.273466 | R10: 1000 | S10: 0.14481442 | T10: 23.632192 | U10: 35.437966 | V10: 115.64129 | W10: 31919 | X10: 238393 | Y10: 1.995878 | Z10: 94 | AA10: 90.532 | AB10: 39 | AC10: 13.345 | AD10: 151 | AE10: 65 | AF10: 2.844053 | AG10: Yes | AH10: No | AI10: 20221204c | AJ10: 119442 | AK10: 7.4688594 | AL10: 0.3659088 | AM10: 0.05298887 | AN10: 0.004579434 | AO10: 0.25463775 | AP10: 0.74536225 | AQ10: 0 | AR10: 0.01567689 | AS10: 0.033413778 | AT10: 0.017409111 | AU10: 0.05412627 | AV10: 0 | AW10: 0.049090667 | AX10: 0.094105677 | AY10: -0.010044488 | AZ10: 0.012028263 | BA10: 0.084061189 | BB10: 0.10613394 | BC10: 0.03609815 | BD10: 0.030660984 | BE10: 0.04398927 | BF10: 0 | BG10: 0.0089168599 | BH10: 0.00078699285 | BI10: 0.00075795784 | BJ10: 0.98376497 | BK10: 15992 | BL10: 0.0024387194 | BM10: 0.00041808954 | BN10: 0.00083447974 | BO10: 8.0384492 | BP10: 8.0384492 | BQ10: 2.844053 | BR10: 0.73865113 | BS10: 0.73865113 | BT10: 0.26134887 | BU10: 0.47833682 | BV10: 0.38358089 | BW10: 5.6769083 | BX10: 3.0805834 | BY10: 0.0072311964 | BZ10: 0.12332472 | CA10: 0.44973107 | CB10: 8.6579244
A11: San_Joaquin_fall2021 | B11: 1.7277919 | C11: 1.7508679 | D11: 0 | E11: 3.4786599 | F11: 3.0432302 | G11: 4.0198484 | H11: 1.3185926 | I11: 2.2849205 | J11: 0.78163419 | K11: 0.53911294 | L11: 1.0577359 | M11: 0 | N11: 0.91896709 | O11: 5.1792612 | P11: 4.4983875 | Q11: 5.9263284 | R11: 1000 | S11: 0.10755887 | T11: 15.95883 | U11: 22.777 | V11: 72.563435 | W11: 33418 | X11: 119340 | Y11: 1.995878 | Z11: 47 | AA11: 41.273 | AB11: 35 | AC11: 15.719 | AD11: 17 | AE11: 12 | AF11: 2.646759 | AG11: Yes | AH11: No | AI11: 20221204c | AJ11: 59793 | AK11: 3.5712238 | AL11: 0.52916543 | AM11: 0.056916434 | AN11: 0.00340131 | AO11: 0.42522831 | AP11: 0.57477169 | AQ11: 0 | AR11: 0.023810779 | AS11: 0.024128791 | AT11: 0.012871052 | AU11: 0.038037112 | AV11: 0 | AW11: 0.04793957 | AX11: 0.071375633 | AY11: -0.0093831508 | AZ11: 0.010295367 | BA11: 0.061992482 | BB11: 0.081671 | BC11: 0.010771736 | BD11: 0.0074295399 | BE11: 0.014576706 | BF11: 0 | BG11: 0.012664327 | BH11: 0.00078604519 | BI11: 0.00069026475 | BJ11: 0.96051018 | BK11: 16743 | BL11: 0.0020904258 | BM11: 0.00047037525 | BN11: 0.00093884011 | BO11: 2.5325021 | BP11: 2.5325021 | BQ11: 2.646759 | BR11: 0.48895291 | BS11: 0.48895291 | BT11: 0.51104709 | BU11: 0.32834425 | BV11: 0.15090674 | BW11: 3.4786599 | BX11: 1.9338738 | BY11: 0.0043339566 | BZ11: 0.16816997 | CA11: 0.32980297 | CB11: 6.3491482
A12: Denver_summer2021 | B12: 12.227617 | C12: 2.3034194 | D12: 0 | E12: 14.531036 | F12: 13.813533 | G12: 15.347104 | H12: 1.6350273 | I12: 3.111274 | J12: 0.70542377 | K12: 0.47123359 | L12: 1.0805712 | M12: 0 | N12: 6.6266569 | O12: 21.863117 | P12: 19.900551 | Q12: 23.930671 | R12: 1000 | S12: 0.045356774 | T12: 11.102345 | U12: 74.72 | V12: 1668.1967 | W12: 11671 | X12: 59356 | Y12: 1.6088026 | Z12: 34 | AA12: 27.209 | AB12: 27 | AC12: 8.469 | AD12: 24 | AE12: 9 | AF12: 18.854274 | AG12: Yes | AH12: No | AI12: 20221204c | AJ12: 36894 | AK12: 5.0860215 | AL12: 0.44341553 | AM12: 0.020111898 | AN12: 0.0014343071 | AO12: 0.89945091 | AP12: 0.10054909 | AQ12: 0 | AR12: 0.0073298411 | AS12: 0.001380784 | AT12: 0.0004771904 | AU12: 0.0024729158 | AV12: 0 | AW12: 0.0087106252 | AX12: 0.013105839 | AY12: -0.0011764596 | AZ12: 0.0012393949 | BA12: 0.011929379 | BB12: 0.014345234 | BC12: 0.00042286606 | BD12: 0.00028248083 | BE12: 0.00064774807 | BF12: 0 | BG12: 0.0039723474 | BH12: 0.00092155906 | BI12: 0.00073749119 | BJ12: 0.97650341 | BK12: 7254 | BL12: 0.0037220844 | BM12: 0.00072564476 | BN12: 0.0011674938 | BO12: 3.0088432 | BP12: 3.0088432 | BQ12: 18.854274 | BR12: 0.13761975 | BS12: 0.13761975 | BT12: 0.86238025 | BU12: 0.33536469 | BV12: 0.032265458 | BW12: 14.531036 | BX12: 1.1604572 | BY12: 0.22996922 | BZ12: 0.011624102 | CA12: 0.75166776 | CB12: 14.470609
A13: Denver_fall2021 | B13: 12.323515 | C13: 2.3342154 | D13: 0 | E13: 14.652963 | F13: 13.866967 | G13: 15.5922 | H13: 1.6101647 | I13: 3.2413286 | J13: 2.3407608 | K13: 1.5748146 | L13: 4.086929 | M13: 0 | N13: 6.5448146 | O13: 23.538539 | P13: 21.113583 | Q13: 26.594669 | R13: 1000 | S13: 0.08913732 | T13: 10.160213 | U13: 66.56 | V13: 1647.5937 | W13: 11688 | X13: 67811 | Y13: 1.6088026 | Z13: 40 | AA13: 31.505 | AB13: 33 | AC13: 8.481 | AD13: 29 | AE13: 21 | AF13: 18.86833 | AG13: Yes | AH13: No | AI13: 20221204c | AJ13: 42149 | AK13: 5.8016518 | AL13: 0.41516829 | AM13: 0.037006988 | AN13: 0.0028187696 | AO13: 0.87662603 | AP13: 0.12362122 | AQ13: 0 | AR13: 0.007479705 | AS13: 0.0014167421 | AT13: 0.00035823281 | AU13: 0.0027428755 | AV13: 0 | AW13: 0.0088935536 | AX13: 0.014286616 | AY13: -0.0014718164 | AZ13: 0.0018549051 | BA13: 0.012814799 | BB13: 0.016141521 | BC13: 0.0014207148 | BD13: 0.00095582701 | BE13: 0.0024805442 | BF13: 0 | BG13: 0.0039723474 | BH13: 0.00094901421 | BI13: 0.00074746732 | BJ13: 0.97391463 | BK13: 7265 | BL13: 0.0045423262 | BM13: 0.00072561602 | BN13: 0.0011673778 | BO13: 4.6749762 | BP13: 4.6749762 | BQ13: 18.86833 | BR13: 0.19860503 | BS13: 0.19860503 | BT13: 0.80159702 | BU13: 0.37749019 | BV13: 0.099441022 | BW13: 14.652963 | BX13: 1.158015 | BY13: 0.2267851 | BZ13: 0.011624102 | CA13: 0.75166776 | CB13: 14.470609
... A19: Permian_2019_F2021_Midland | B19: 8.9359119 | C19: 46.347477 | D19: 0 | E19: 55.283389 | F19: 51.74771 | G19: 59.277751 | H19: 42.826449 | I19: 50.351434 | J19: 38.266763 | K19: 31.933277 | L19: 47.581528 | M19: 0 | N19: 4.598136 | O19: 98.148288 | P19: 89.889073 | Q19: 108.48647 | R19: 1000 | S19: 0.10984746 | T19: 16.353134 | U19: 109.159 | V19: 812.65429 | W19: 9209 | X19: 51783 | Y19: 1.8250769 | Z19: 130 | AA19: 124.433 | AB19: 93 | AC19: 49.044 | AD19: 123 | AE19: 76 | AF19: 13.534048 | AG19: Yes | AH19: No | AI19: 20221204c | AJ19: 28373 | AK19: 5.6239841 | AL19: 0.4216751 | AM19: 0.046319939 | AN19: 0.0034736817 | AO19: 0.24043398 | AP19: 0.75956602 | AQ19: 0 | AR19: 0.010995957 | AS19: 0.057032219 | AT19: 0.046757127 | AU19: 0.068716597 | AV19: 0 | AW19: 0.068028176 | AX19: 0.12077496 | AY19: -0.010163258 | AZ19: 0.012721497 | BA19: 0.1106117 | BB19: 0.13349646 | BC19: 0.047088613 | BD19: 0.039295032 | BE19: 0.058550763 | BF19: 0 | BG19: 0.0056581699 | BH19: 0.0045818207 | BI19: 0.0043856131 | BJ19: 0.9223636 | BK19: 5045 | BL19: 0.018434093 | BM19: 0.0053256597 | BN19: 0.0097213082 | BO19: 84.614241 | BP19: 84.614241 | BQ19: 13.534048 | BR19: 0.86210594 | BS19: 0.86210594 | BT19: 0.13789406 | BU19: 0.43673575 | BV19: 0.38988671 | BW19: 55.283389 | BX19: 5.7064419 | BY19: 0.16108113 | BZ19: 0.016157454 | CA19: 0.64011733 | CB19: 12.323114
A20: GHGI 2022 (for 2020) | AI20: 1 | AR20: 0.0048 | AX20: =AR20+BG20 -> 0.0098 | AY20: -0.00196 | AZ20: 0.00205 | BG20: 0.005
A21: GHGI NM 2019
A22: GHGI TX 2021
A23: GHGI CA 2021
A24: GHGI CO 2021
A25: GHGI PA 2021 | U25: Fraction of national gas covered | V25: =V26/V29 -> 0.23420564
A26: Totals excluding repeats | O26: =O3+O7+O13+O14+O15+O16 -> 721.79676 | P26: =P3+P7+P13+P14+P15+P16 -> 680.38551 | Q26: =Q3+Q7+Q13+Q14+Q15+Q16 -> 766.75384 | V26: =V3+V7+V13+V14+V15+V16 -> 19972.262 | W26: =W3+W7+W13+W14+W15+W16 -> 170569 | X26: =X3+X7+X13+X14+X15+X16 -> 549072 | AC26: =AC3+AC7+AC13+AC14+AC15+AC16 -> 601.364 | AI26: 1 | AJ26: =AJ3+AJ7+AJ13+AJ14+AJ15+AJ16 -> 316771 | AK26: =X26/W26 -> 3.2190609 | BK26: =BK3+BK7+BK13+BK14+BK15+BK16 -> 100159 | BN26: =AC26/BK26 -> 0.0060040935
A27: Totals including repeats (no 2019 subcampaigns) | O27: =SUM(O2:O16) -> 1375.458 | P27: =SUM(P2:P16) -> 1285.403 | Q27: =SUM(Q2:Q16) -> 1475.1591 | V27: =SUM(V2:V16) -> 35657.521 | W27: =SUM(W2:W16) -> 398499 | X27: =SUM(X2:X16) -> 1714261 | AC27: =SUM(AC2:AC16) -> 1240.46 | AI27: 1 | AJ27: =SUM(AJ2:AJ16) -> 959573 | AK27: =AJ27/BK26 -> 9.580497 | AX27: =O27/$V27 -> 0.038574135 | AY27: =P27/$V27 -> 0.036048579 | AZ27: =Q27/$V27 -> 0.041370209 | BK27: =SUM(BK2:BK16) -> 228449 | BN27: =AC27/BK27 -> 0.0054299209
A28: Totals excluding high-prod campaigns | O28: =O2+O3+SUM(O7:O13)+O15+O16 -> 897.13677 | P28: =P2+P3+SUM(P7:P13)+P15+P16 -> 846.98463 | Q28: =Q2+Q3+SUM(Q7:Q13)+Q15+Q16 -> 954.26046 | V28: =V2+V3+SUM(V7:V13)+V15+V16 -> 13683.312 | AX28: =O28/$V28 -> 0.065564297 | AY28: =P28/$V28 -> 0.061899093 | AZ28: =Q28/$V28 -> 0.069738995
U29: 2021 US gas prod | V29: 85276.605 | BQ29: Methane fractional loss partial
A30: Permian total | W30: =SUM(W2:W6) -> 162037 | X30: =SUM(X2:X6) -> 643575 | Z30: =SUM(Z2:Z6) -> 3866 | AA30: =SUM(AA2:AA6) -> 3610.87 | AB30: =SUM(AB2:AB6) -> 2358 | AC30: =SUM(AC2:AC6) -> 1060.934 | AD30: =SUM(AD2:AD6) -> 3335 | AE30: =SUM(AE2:AE6) -> 1738 | AJ30: =SUM(AJ2:AJ6) -> 375906 | AK30: =AJ30/BK30 -> 3.9587388 | BK30: =SUM(BK2:BK6) -> 94956 | BQ30: FracLossProd
A31: San Joaquin total | W31: =SUM(W7:W11) -> 180339 | X31: =SUM(X7:X11) -> 870400 | Z31: =SUM(Z7:Z11) -> 352 | AA31: =SUM(AA7:AA11) -> 326.016 | AB31: =SUM(AB7:AB11) -> 195 | AC31: =SUM(AC7:AC11) -> 68.136 | AD31: =SUM(AD7:AD11) -> 423 | AE31: =SUM(AE7:AE11) -> 236 | AJ31: =SUM(AJ7:AJ11) -> 455616 | AK31: =AJ31/BK31 -> 4.73633 | BK31: =SUM(BK7:BK11) -> 96196 | BQ31: Methane fractional loss total
A32: Denver total | W32: =W12+W13 -> 23359 | X32: =X12+X13 -> 127167 | Z32: =Z12+Z13 -> 74 | AA32: =AA12+AA13 -> 58.714 | AB32: =AB12+AB13 -> 60 | AC32: =AC12+AC13 -> 16.95 | AD32: =AD12+AD13 -> 53 | AE32: =AE12+AE13 -> 30 | AJ32: =AJ12+AJ13 -> 79043 | AK32: =AJ32/BK32 -> 5.4441077 | BK32: =BK12+BK13 -> 14519 | BQ32: FracLossP2.5
A33: Per+SJ+DJ | W33: =SUM(W30:W32) -> 365735 | X33: =SUM(X30:X32) -> 1641142 | AJ33: =SUM(AJ30:AJ32) -> 910565 | AK33: =AJ33/BK33 -> 4.4272892 | BK33: =SUM(BK30:BK32) -> 205671 | BQ33: FracLossP97.5
BQ34: FracLossP2.5Full
BQ35: FracLossP97.5Full
BQ36: FracLossMid
BQ37: FracLossMidP2.5
BQ38: FracLossMidP97.5
BQ39: FracLossMidPartial
BQ40: FracLossMidGHGI
BQ41: % aerial
BQ42: % aerial sel
BQ43: Fraction sim retained
BQ44: Sites covered
BQ45: % wells ever emitting
... BQ58: Production/site covered

Sheet By site visit
A1: Scenario | B1: Simulation (t/h) | C1: Aerial (t/h) | D1: Partial (t/h) | E1: Total emissions (t/h) | F1: Total emissions P2.5 | G1: Total emissions P97.5 | H1: Aerial emissions P2.5 | I1: Aerial emissions P97.5 | J1: Aerial midstream emissions (t/h) | K1: Aerial midstream emissions P2.5 | L1: Aerial midstream emissions P97.5 | M1: Midstream partial detect (t/h) | N1: Midstream GHGI below min detect (t/h) | O1: Total emissions + midstream (t/h) | P1: Total emissions + midstream P2.5 | Q1: Total emissions + midstream P97.5 | R1: N | S1: % SDev of MC iterations | T1: Min detected emission | U1: Transition point | V1: Total covered production (t(CH4)/hr) | W1: Wells covered | X1: Well visits | Y1: Wells per site | Z1: # production plumes | AA1: # production plumes sel | AB1: # prod sources overall | AC1: # avg prod sources sim | AD1: # midstream plumes | AE1: # midstream sources | AF1: Total sim emissions | AG1: Stratify by covered prod | AH1: Include repeats | AI1: High prod | AJ1: Well site visits | AK1: Avg visits/well | AL1: SD to SErr factor | AM1: SErr of mean total emissions | AN1: Serr of sample mean | AO1: Simulation % | AP1: Aerial % | AQ1: Partial % | AR1: Methane fractional loss simulation | AS1: Methane fractional loss aerial | AT1: AerialFracLossP2.5 | AU1: AerialFracLossP97.5 | AV1: Methane fractional loss partial | AW1: FracLossProd | AX1: Methane fractional loss total | AY1: FracLossP2.5 | AZ1: FracLossP97.5 | BA1: FracLossP2.5Full | BB1: FracLossP97.5Full | BC1: FracLossMid | BD1: FracLossMidP2.5 | BE1: FracLossMidP97.5 | BF1: FracLossMidPartial | BG1: FracLossMidGHGI | BH1: % aerial | BI1: % aerial sel | BJ1: Fraction sim retained | BK1: Sites covered | BL1: % wells ever emitting | BM1: Avg % wells emitting | BN1: Avg % sites emitting | BO1: Total aerial | BP1: Total aerial+partial emissions | BQ1: Total sim emissions | BR1: Frac aerial | BS1: Frac aerial+partial | BT1: Frac sim | BU1: Frac midstream | BV1: Frac midstream aerial | BW1: Total production emissions | BX1: Total/Sim | BY1: Production/site covered | BZ1: State GHGI
A2: Kairos Permian
A3: Permian_2019 | B3: 296.12135 | C3: 920.28875 | D3: 0 | E3: 1216.4101 | F3: 1199.2861 | G3: 1233.9008 | H3: 903.21532 | I3: 937.77791 | J3: 828.48949 | K3: 809.62931 | L3: 852.68466 | M3: 0 | N3: 281.35125 | O3: 2326.2509 | P3: 2247.4129 | Q3: 2405.9036 | R3: 1000 | S3: 0.0064158762 | T3: 15.029525 | U3: 113 | V3: 81546.389 | W3: 84570 | X3: 326908 | Y3: 1.8250769 | Z3: 1749 | AA3: 1502 | AB3: 1054 | AC3: 483.512 | AD3: 1272 | AE3: 679 | AF3: 577.47261 | AG3: Yes | AH3: Yes | AI3: 20221127b | AJ3: 179120 | AK3: 3.8655934 | AL3: 0.50861822 | AM3: 0.0032632315 | AN3: 0.00020288782 | AO3: 0.26599034 | AP3: 0.73400966 | AQ3: 0 | AR3: 0.0036313239 | AS3: 0.011285463 | AT3: 0.011076092 | AU3: 0.011499932 | AV3: 0 | AW3: 0.014916787 | AX3: 0.028526718 | AY3: -0.00096678715 | AZ3: 0.00097677824 | BA3: 0.027559931 | BB3: 0.029503496 | BC3: 0.010159732 | BD3: 0.0099284508 | BE3: 0.010456437 | BF3: 0 | BG3: 0.0034501988 | BH3: 0.0097644038 | BI3: 0.0083854399 | BJ3: 0.91416876 | BK3: 46337 | BL3: 0.022746401 | BM3: 0.0057172993 | BN3: 0.010434685 | BO3: 1748.7782 | BP3: 1748.7782 | BQ3: 577.47261 | BR3: 0.75175825 | BS3: 0.75175825 | BT3: 0.24824175 | BU3: 0.47709419 | BV3: 0.35614796 | BW3: 1216.4101 | BX3: 3.7552326 | BY3: 1.7598547 | BZ3: 0.011061675
A4: Permian/2020 | AI4: 0.5 | AJ4: =X4/Y4 -> #DIV/0! | AK4: =X4/W4 -> #DIV/0! | AL4: =1/SQRT(AK4) -> #DIV/0! | AM4: =S4/SQRT(AK4) -> #DIV/0! | AN4: =B4/$BV4 -> #DIV/0! | AO4: =C4/$BV4 -> #DIV/0! | AP4: =D4/$BV4 -> #DIV/0! | AQ4: =B4/$V4 -> #DIV/0! | AR4: =C4/$V4 -> #DIV/0! | AS4: =H4/$V4 -> #DIV/0! | AT4: =I4/$V4 -> #DIV/0! | AU4: =D4/$V4 -> #DIV/0! | AV4: =AQ4+AR4+AU4 -> #DIV/0! | AW4: =O4/$V4 -> #DIV/0! | AX4: =P4/$V4-AW4 -> #DIV/0! | AY4: =Q4/$V4-AW4 -> #DIV/0! | AZ4: =$AW4+AX4 -> #DIV/0! | BA4: =$AW4+AY4 -> #DIV/0! | BB4: =J4/$V4 -> #DIV/0! | BC4: =K4/$V4 -> #DIV/0! | BD4: =L4/$V4 -> #DIV/0! | BE4: =M4/$V4 -> #DIV/0! | BF4: =N4/$V4 -> #DIV/0! | BG4: =Z4/X4 -> #DIV/0! | BH4: =AA4/X4 -> #DIV/0! | BI4: =B4/AF4 -> #DIV/0! | BJ4: =W4/Y4 -> #DIV/0! | BK4: =AB4/W4 -> #DIV/0! | BL4: =AC4/W4 -> #DIV/0! | BM4: =AC4/BJ4 -> #DIV/0! | BN4: =C4+J4 -> 0 | BO4: =C4+D4+J4+M4 -> 0 | BP4: =B4+N4 -> 0 | BQ4: =BN4/$O4 -> #DIV/0! | BR4: =BO4/$O4 -> #DIV/0! | BS4: =BP4/$O4 -> #DIV/0! | BT4: =(J4+M4+N4)/O4 -> #DIV/0! | BU4: =J4/$O4 -> #DIV/0! | BV4: =SUM(B4:D4) -> 0 | BW4: =BV4/AF4 -> #DIV/0! | BX4: =V4/X4 -> #DIV/0!
A5: Permian/Summer 2021 | AI5: 0.5 | AJ5: =X5/Y5 -> #DIV/0! | AK5: =X5/W5 -> #DIV/0! | AL5: =1/SQRT(AK5) -> #DIV/0! | AM5: =S5/SQRT(AK5) -> #DIV/0! | AN5: =B5/$BV5 -> #DIV/0! | AO5: =C5/$BV5 -> #DIV/0! | AP5: =D5/$BV5 -> #DIV/0! | AQ5: =B5/$V5 -> #DIV/0! | AR5: =C5/$V5 -> #DIV/0! | AS5: =H5/$V5 -> #DIV/0! | AT5: =I5/$V5 -> #DIV/0! | AU5: =D5/$V5 -> #DIV/0! | AV5: =AQ5+AR5+AU5 -> #DIV/0! | AW5: =O5/$V5 -> #DIV/0! | AX5: =P5/$V5-AW5 -> #DIV/0! | AY5: =Q5/$V5-AW5 -> #DIV/0! | AZ5: =$AW5+AX5 -> #DIV/0! | BA5: =$AW5+AY5 -> #DIV/0! | BB5: =J5/$V5 -> #DIV/0! | BC5: =K5/$V5 -> #DIV/0! | BD5: =L5/$V5 -> #DIV/0! | BE5: =M5/$V5 -> #DIV/0! | BF5: =N5/$V5 -> #DIV/0! | BG5: =Z5/X5 -> #DIV/0! | BH5: =AA5/X5 -> #DIV/0! | BI5: =B5/AF5 -> #DIV/0! | BJ5: =W5/Y5 -> #DIV/0! | BK5: =AB5/W5 -> #DIV/0! | BL5: =AC5/W5 -> #DIV/0! | BM5: =AC5/BJ5 -> #DIV/0! | BN5: =C5+J5 -> 0 | BO5: =C5+D5+J5+M5 -> 0 | BP5: =B5+N5 -> 0 | BQ5: =BN5/$O5 -> #DIV/0! | BR5: =BO5/$O5 -> #DIV/0! | BS5: =BP5/$O5 -> #DIV/0! | BT5: =(J5+M5+N5)/O5 -> #DIV/0! | BU5: =J5/$O5 -> #DIV/0! | BV5: =SUM(B5:D5) -> 0 | BW5: =BV5/AF5 -> #DIV/0! | BX5: =V5/X5 -> #DIV/0!
A6: Permian/Fall 2021 | AI6: 0.5 | AJ6: =X6/Y6 -> #DIV/0! | AK6: =X6/W6 -> #DIV/0! | AL6: =1/SQRT(AK6) -> #DIV/0! | AM6: =S6/SQRT(AK6) -> #DIV/0! | AN6: =B6/$BV6 -> #DIV/0! | AO6: =C6/$BV6 -> #DIV/0! | AP6: =D6/$BV6 -> #DIV/0! | AQ6: =B6/$V6 -> #DIV/0! | AR6: =C6/$V6 -> #DIV/0! | AS6: =H6/$V6 -> #DIV/0! | AT6: =I6/$V6 -> #DIV/0! | AU6: =D6/$V6 -> #DIV/0! | AV6: =AQ6+AR6+AU6 -> #DIV/0! | AW6: =O6/$V6 -> #DIV/0! | AX6: =P6/$V6-AW6 -> #DIV/0! | AY6: =Q6/$V6-AW6 -> #DIV/0! | AZ6: =$AW6+AX6 -> #DIV/0! | BA6: =$AW6+AY6 -> #DIV/0! | BB6: =J6/$V6 -> #DIV/0! | BC6: =K6/$V6 -> #DIV/0! | BD6: =L6/$V6 -> #DIV/0! | BE6: =M6/$V6 -> #DIV/0! | BF6: =N6/$V6 -> #DIV/0! | BG6: =Z6/X6 -> #DIV/0! | BH6: =AA6/X6 -> #DIV/0! | BI6: =B6/AF6 -> #DIV/0! | BJ6: =W6/Y6 -> #DIV/0! | BK6: =AB6/W6 -> #DIV/0! | BL6: =AC6/W6 -> #DIV/0! | BM6: =AC6/BJ6 -> #DIV/0! | BN6: =C6+J6 -> 0 | BO6: =C6+D6+J6+M6 -> 0 | BP6: =B6+N6 -> 0 | BQ6: =BN6/$O6 -> #DIV/0! | BR6: =BO6/$O6 -> #DIV/0! | BS6: =BP6/$O6 -> #DIV/0! | BT6: =(J6+M6+N6)/O6 -> #DIV/0! | BU6: =J6/$O6 -> #DIV/0! | BV6: =SUM(B6:D6) -> 0 | BW6: =BV6/AF6 -> #DIV/0! | BX6: =V6/X6 -> #DIV/0!
A7: San Joaquin/2016 | AI7: 1 | AJ7: =X7/Y7 -> #DIV/0! | AK7: =X7/W7 -> #DIV/0! | AL7: =1/SQRT(AK7) -> #DIV/0! | AM7: =S7/SQRT(AK7) -> #DIV/0! | AN7: =B7/$BV7 -> #DIV/0! | AO7: =C7/$BV7 -> #DIV/0! | AP7: =D7/$BV7 -> #DIV/0! | AQ7: =B7/$V7 -> #DIV/0! | AR7: =C7/$V7 -> #DIV/0! | AS7: =H7/$V7 -> #DIV/0! | AT7: =I7/$V7 -> #DIV/0! | AU7: =D7/$V7 -> #DIV/0! | AV7: =AQ7+AR7+AU7 -> #DIV/0! | AW7: =O7/$V7 -> #DIV/0! | AX7: =P7/$V7-AW7 -> #DIV/0! | AY7: =Q7/$V7-AW7 -> #DIV/0! | AZ7: =$AW7+AX7 -> #DIV/0! | BA7: =$AW7+AY7 -> #DIV/0! | BB7: =J7/$V7 -> #DIV/0! | BC7: =K7/$V7 -> #DIV/0! | BD7: =L7/$V7 -> #DIV/0! | BE7: =M7/$V7 -> #DIV/0! | BF7: =N7/$V7 -> #DIV/0! | BG7: =Z7/X7 -> #DIV/0! | BH7: =AA7/X7 -> #DIV/0! | BI7: =B7/AF7 -> #DIV/0! | BJ7: =W7/Y7 -> #DIV/0! | BK7: =AB7/W7 -> #DIV/0! | BL7: =AC7/W7 -> #DIV/0! | BM7: =AC7/BJ7 -> #DIV/0! | BN7: =C7+J7 -> 0 | BO7: =C7+D7+J7+M7 -> 0 | BP7: =B7+N7 -> 0 | BQ7: =BN7/$O7 -> #DIV/0! | BR7: =BO7/$O7 -> #DIV/0! | BS7: =BP7/$O7 -> #DIV/0! | BT7: =(J7+M7+N7)/O7 -> #DIV/0! | BU7: =J7/$O7 -> #DIV/0! | BV7: =SUM(B7:D7) -> 0 | BW7: =BV7/AF7 -> #DIV/0! | BX7: =V7/X7 -> #DIV/0!
A8: San Joaquin/2017 | AI8: 1 | AJ8: =X8/Y8 -> #DIV/0! | AK8: =X8/W8 -> #DIV/0! | AL8: =1/SQRT(AK8) -> #DIV/0! | AM8: =S8/SQRT(AK8) -> #DIV/0! | AN8: =B8/$BV8 -> #DIV/0! | AO8: =C8/$BV8 -> #DIV/0! | AP8: =D8/$BV8 -> #DIV/0! | AQ8: =B8/$V8 -> #DIV/0! | AR8: =C8/$V8 -> #DIV/0! | AS8: =H8/$V8 -> #DIV/0! | AT8: =I8/$V8 -> #DIV/0! | AU8: =D8/$V8 -> #DIV/0! | AV8: =AQ8+AR8+AU8 -> #DIV/0! | AW8: =O8/$V8 -> #DIV/0! | AX8: =P8/$V8-AW8 -> #DIV/0! | AY8: =Q8/$V8-AW8 -> #DIV/0! | AZ8: =$AW8+AX8 -> #DIV/0! | BA8: =$AW8+AY8 -> #DIV/0! | BB8: =J8/$V8 -> #DIV/0! | BC8: =K8/$V8 -> #DIV/0! | BD8: =L8/$V8 -> #DIV/0! | BE8: =M8/$V8 -> #DIV/0! | BF8: =N8/$V8 -> #DIV/0! | BG8: =Z8/X8 -> #DIV/0! | BH8: =AA8/X8 -> #DIV/0! | BI8: =B8/AF8 -> #DIV/0! | BJ8: =W8/Y8 -> #DIV/0! | BK8: =AB8/W8 -> #DIV/0! | BL8: =AC8/W8 -> #DIV/0! | BM8: =AC8/BJ8 -> #DIV/0! | BN8: =C8+J8 -> 0 | BO8: =C8+D8+J8+M8 -> 0 | BP8: =B8+N8 -> 0 | BQ8: =BN8/$O8 -> #DIV/0! | BR8: =BO8/$O8 -> #DIV/0! | BS8: =BP8/$O8 -> #DIV/0! | BT8: =(J8+M8+N8)/O8 -> #DIV/0! | BU8: =J8/$O8 -> #DIV/0! | BV8: =SUM(B8:D8) -> 0 | BW8: =BV8/AF8 -> #DIV/0! | BX8: =V8/X8 -> #DIV/0!
A9: San Joaquin/2016-2017 | AI9: 0.5
A10: San Joaquin/COVID 2020 | AI10: 1 | AJ10: =X10/Y10 -> #DIV/0! | AK10: =X10/W10 -> #DIV/0! | AL10: =1/SQRT(AK10) -> #DIV/0! | AM10: =S10/SQRT(AK10) -> #DIV/0! | AN10: =B10/$BV10 -> #DIV/0! | AO10: =C10/$BV10 -> #DIV/0! | AP10: =D10/$BV10 -> #DIV/0! | AQ10: =B10/$V10 -> #DIV/0! | AR10: =C10/$V10 -> #DIV/0! | AS10: =H10/$V10 -> #DIV/0! | AT10: =I10/$V10 -> #DIV/0! | AU10: =D10/$V10 -> #DIV/0! | AV10: =AQ10+AR10+AU10 -> #DIV/0! | AW10: =O10/$V10 -> #DIV/0! | AX10: =P10/$V10-AW10 -> #DIV/0! | AY10: =Q10/$V10-AW10 -> #DIV/0! | AZ10: =$AW10+AX10 -> #DIV/0! | BA10: =$AW10+AY10 -> #DIV/0! | BB10: =J10/$V10 -> #DIV/0! | BC10: =K10/$V10 -> #DIV/0! | BD10: =L10/$V10 -> #DIV/0! | BE10: =M10/$V10 -> #DIV/0! | BF10: =N10/$V10 -> #DIV/0! | BG10: =Z10/X10 -> #DIV/0! | BH10: =AA10/X10 -> #DIV/0! | BI10: =B10/AF10 -> #DIV/0! | BJ10: =W10/Y10 -> #DIV/0! | BK10: =AB10/W10 -> #DIV/0! | BL10: =AC10/W10 -> #DIV/0! | BM10: =AC10/BJ10 -> #DIV/0! | BN10: =C10+J10 -> 0 | BO10: =C10+D10+J10+M10 -> 0 | BP10: =B10+N10 -> 0 | BQ10: =BN10/$O10 -> #DIV/0! | BR10: =BO10/$O10 -> #DIV/0! | BS10: =BP10/$O10 -> #DIV/0! | BT10: =(J10+M10+N10)/O10 -> #DIV/0! | BU10: =J10/$O10 -> #DIV/0! | BV10: =SUM(B10:D10) -> 0 | BW10: =BV10/AF10 -> #DIV/0! | BX10: =V10/X10 -> #DIV/0!
A11: San Joaquin/2020 | AI11: 1 | AJ11: =X11/Y11 -> #DIV/0! | AK11: =X11/W11 -> #DIV/0! | AL11: =1/SQRT(AK11) -> #DIV/0! | AM11: =S11/SQRT(AK11) -> #DIV/0! | AN11: =B11/$BV11 -> #DIV/0! | AO11: =C11/$BV11 -> #DIV/0! | AP11: =D11/$BV11 -> #DIV/0! | AQ11: =B11/$V11 -> #DIV/0! | AR11: =C11/$V11 -> #DIV/0! | AS11: =H11/$V11 -> #DIV/0! | AT11: =I11/$V11 -> #DIV/0! | AU11: =D11/$V11 -> #DIV/0! | AV11: =AQ11+AR11+AU11 -> #DIV/0! | AW11: =O11/$V11 -> #DIV/0! | AX11: =P11/$V11-AW11 -> #DIV/0! | AY11: =Q11/$V11-AW11 -> #DIV/0! | AZ11: =$AW11+AX11 -> #DIV/0! | BA11: =$AW11+AY11 -> #DIV/0! | BB11: =J11/$V11 -> #DIV/0! | BC11: =K11/$V11 -> #DIV/0! | BD11: =L11/$V11 -> #DIV/0! | BE11: =M11/$V11 -> #DIV/0! | BF11: =N11/$V11 -> #DIV/0! | BG11: =Z11/X11 -> #DIV/0! | BH11: =AA11/X11 -> #DIV/0! | BI11: =B11/AF11 -> #DIV/0! | BJ11: =W11/Y11 -> #DIV/0! | BK11: =AB11/W11 -> #DIV/0! | BL11: =AC11/W11 -> #DIV/0! | BM11: =AC11/BJ11 -> #DIV/0! | BN11: =C11+J11 -> 0 | BO11: =C11+D11+J11+M11 -> 0 | BP11: =B11+N11 -> 0 | BQ11: =BN11/$O11 -> #DIV/0! | BR11: =BO11/$O11 -> #DIV/0! | BS11: =BP11/$O11 -> #DIV/0! | BT11: =(J11+M11+N11)/O11 -> #DIV/0! | BU11: =J11/$O11 -> #DIV/0! | BV11: =SUM(B11:D11) -> 0 | BW11: =BV11/AF11 -> #DIV/0! | BX11: =V11/X11 -> #DIV/0!
A12: San Joaquin/Fall 2021 | AI12: 1 | AJ12: =X12/Y12 -> #DIV/0! | AK12: =X12/W12 -> #DIV/0! | AL12: =1/SQRT(AK12) -> #DIV/0! | AM12: =S12/SQRT(AK12) -> #DIV/0! | AN12: =B12/$BV12 -> #DIV/0! | AO12: =C12/$BV12 -> #DIV/0! | AP12: =D12/$BV12 -> #DIV/0! | AQ12: =B12/$V12 -> #DIV/0! | AR12: =C12/$V12 -> #DIV/0! | AS12: =H12/$V12 -> #DIV/0! | AT12: =I12/$V12 -> #DIV/0! | AU12: =D12/$V12 -> #DIV/0! | AV12: =AQ12+AR12+AU12 -> #DIV/0! | AW12: =O12/$V12 -> #DIV/0! | AX12: =P12/$V12-AW12 -> #DIV/0! | AY12: =Q12/$V12-AW12 -> #DIV/0! | AZ12: =$AW12+AX12 -> #DIV/0! | BA12: =$AW12+AY12 -> #DIV/0! | BB12: =J12/$V12 -> #DIV/0! | BC12: =K12/$V12 -> #DIV/0! | BD12: =L12/$V12 -> #DIV/0! | BE12: =M12/$V12 -> #DIV/0! | BF12: =N12/$V12 -> #DIV/0! | BG12: =Z12/X12 -> #DIV/0! | BH12: =AA12/X12 -> #DIV/0! | BI12: =B12/AF12 -> #DIV/0! | BJ12: =W12/Y12 -> #DIV/0! | BK12: =AB12/W12 -> #DIV/0! | BL12: =AC12/W12 -> #DIV/0! | BM12: =AC12/BJ12 -> #DIV/0! | BN12: =C12+J12 -> 0 | BO12: =C12+D12+J12+M12 -> 0 | BP12: =B12+N12 -> 0 | BQ12: =BN12/$O12 -> #DIV/0! | BR12: =BO12/$O12 -> #DIV/0! | BS12: =BP12/$O12 -> #DIV/0! | BT12: =(J12+M12+N12)/O12 -> #DIV/0! | BU12: =J12/$O12 -> #DIV/0! | BV12: =SUM(B12:D12) -> 0 | BW12: =BV12/AF12 -> #DIV/0! | BX12: =V12/X12 -> #DIV/0!
A13: DJ/Summer 2021 | AI13: 1 | AJ13: =X13/Y13 -> #DIV/0! | AK13: =X13/W13 -> #DIV/0! | AL13: =1/SQRT(AK13) -> #DIV/0! | AM13: =S13/SQRT(AK13) -> #DIV/0! | AN13: =B13/$BV13 -> #DIV/0! | AO13: =C13/$BV13 -> #DIV/0! | AP13: =D13/$BV13 -> #DIV/0! | AQ13: =B13/$V13 -> #DIV/0! | AR13: =C13/$V13 -> #DIV/0! | AS13: =H13/$V13 -> #DIV/0! | AT13: =I13/$V13 -> #DIV/0! | AU13: =D13/$V13 -> #DIV/0! | AV13: =AQ13+AR13+AU13 -> #DIV/0! | AW13: =O13/$V13 -> #DIV/0! | AX13: =P13/$V13-AW13 -> #DIV/0! | AY13: =Q13/$V13-AW13 -> #DIV/0! | AZ13: =$AW13+AX13 -> #DIV/0! | BA13: =$AW13+AY13 -> #DIV/0! | BB13: =J13/$V13 -> #DIV/0! | BC13: =K13/$V13 -> #DIV/0! | BD13: =L13/$V13 -> #DIV/0! | BE13: =M13/$V13 -> #DIV/0! | BF13: =N13/$V13 -> #DIV/0! | BG13: =Z13/X13 -> #DIV/0! | BH13: =AA13/X13 -> #DIV/0! | BI13: =B13/AF13 -> #DIV/0! | BJ13: =W13/Y13 -> #DIV/0! | BK13: =AB13/W13 -> #DIV/0! | BL13: =AC13/W13 -> #DIV/0! | BM13: =AC13/BJ13 -> #DIV/0! | BN13: =C13+J13 -> 0 | BO13: =C13+D13+J13+M13 -> 0 | BP13: =B13+N13 -> 0 | BQ13: =BN13/$O13 -> #DIV/0! | BR13: =BO13/$O13 -> #DIV/0! | BS13: =BP13/$O13 -> #DIV/0! | BT13: =(J13+M13+N13)/O13 -> #DIV/0! | BU13: =J13/$O13 -> #DIV/0! | BV13: =SUM(B13:D13) -> 0 | BW13: =BV13/AF13 -> #DIV/0! | BX13: =V13/X13 -> #DIV/0!
A14: DJ/Fall 2021 | AI14: 1 | AJ14: =X14/Y14 -> #DIV/0! | AK14: =X14/W14 -> #DIV/0! | AL14: =1/SQRT(AK14) -> #DIV/0! | AM14: =S14/SQRT(AK14) -> #DIV/0! | AN14: =B14/$BV14 -> #DIV/0! | AO14: =C14/$BV14 -> #DIV/0! | AP14: =D14/$BV14 -> #DIV/0! | AQ14: =B14/$V14 -> #DIV/0! | AR14: =C14/$V14 -> #DIV/0! | AS14: =H14/$V14 -> #DIV/0! | AT14: =I14/$V14 -> #DIV/0! | AU14: =D14/$V14 -> #DIV/0! | AV14: =AQ14+AR14+AU14 -> #DIV/0! | AW14: =O14/$V14 -> #DIV/0! | AX14: =P14/$V14-AW14 -> #DIV/0! | AY14: =Q14/$V14-AW14 -> #DIV/0! | AZ14: =$AW14+AX14 -> #DIV/0! | BA14: =$AW14+AY14 -> #DIV/0! | BB14: =J14/$V14 -> #DIV/0! | BC14: =K14/$V14 -> #DIV/0! | BD14: =L14/$V14 -> #DIV/0! | BE14: =M14/$V14 -> #DIV/0! | BF14: =N14/$V14 -> #DIV/0! | BG14: =Z14/X14 -> #DIV/0! | BH14: =AA14/X14 -> #DIV/0! | BI14: =B14/AF14 -> #DIV/0! | BJ14: =W14/Y14 -> #DIV/0! | BK14: =AB14/W14 -> #DIV/0! | BL14: =AC14/W14 -> #DIV/0! | BM14: =AC14/BJ14 -> #DIV/0! | BN14: =C14+J14 -> 0 | BO14: =C14+D14+J14+M14 -> 0 | BP14: =B14+N14 -> 0 | BQ14: =BN14/$O14 -> #DIV/0! | BR14: =BO14/$O14 -> #DIV/0! | BS14: =BP14/$O14 -> #DIV/0! | BT14: =(J14+M14+N14)/O14 -> #DIV/0! | BU14: =J14/$O14 -> #DIV/0! | BV14: =SUM(B14:D14) -> 0 | BW14: =BV14/AF14 -> #DIV/0! | BX14: =V14/X14 -> #DIV/0!
A15: Appalachia/2021 | AI15: 0.5 | AJ15: =X15/Y15 -> #DIV/0! | AK15: =X15/W15 -> #DIV/0! | AL15: =1/SQRT(AK15) -> #DIV/0! | AM15: =S15/SQRT(AK15) -> #DIV/0! | AN15: =B15/$BV15 -> #DIV/0! | AO15: =C15/$BV15 -> #DIV/0! | AP15: =D15/$BV15 -> #DIV/0! | AQ15: =B15/$V15 -> #DIV/0! | AR15: =C15/$V15 -> #DIV/0! | AS15: =H15/$V15 -> #DIV/0! | AT15: =I15/$V15 -> #DIV/0! | AU15: =D15/$V15 -> #DIV/0! | AV15: =AQ15+AR15+AU15 -> #DIV/0! | AW15: =O15/$V15 -> #DIV/0! | AX15: =P15/$V15-AW15 -> #DIV/0! | AY15: =Q15/$V15-AW15 -> #DIV/0! | AZ15: =$AW15+AX15 -> #DIV/0! | BA15: =$AW15+AY15 -> #DIV/0! | BB15: =J15/$V15 -> #DIV/0! | BC15: =K15/$V15 -> #DIV/0! | BD15: =L15/$V15 -> #DIV/0! | BE15: =M15/$V15 -> #DIV/0! | BF15: =N15/$V15 -> #DIV/0! | BG15: =Z15/X15 -> #DIV/0! | BH15: =AA15/X15 -> #DIV/0! | BI15: =B15/AF15 -> #DIV/0! | BJ15: =W15/Y15 -> #DIV/0! | BK15: =AB15/W15 -> #DIV/0! | BL15: =AC15/W15 -> #DIV/0! | BM15: =AC15/BJ15 -> #DIV/0! | BN15: =C15+J15 -> 0 | BO15: =C15+D15+J15+M15 -> 0 | BP15: =B15+N15 -> 0 | BQ15: =BN15/$O15 -> #DIV/0! | BR15: =BO15/$O15 -> #DIV/0! | BS15: =BP15/$O15 -> #DIV/0! | BT15: =(J15+M15+N15)/O15 -> #DIV/0! | BU15: =J15/$O15 -> #DIV/0! | BV15: =SUM(B15:D15) -> 0 | BW15: =BV15/AF15 -> #DIV/0! | BX15: =V15/X15 -> #DIV/0!
A16: Uinta/2020 | AI16: 1 | AJ16: =X16/Y16 -> #DIV/0! | AK16: =X16/W16 -> #DIV/0! | AL16: =1/SQRT(AK16) -> #DIV/0! | AM16: =S16/SQRT(AK16) -> #DIV/0! | AN16: =B16/$BV16 -> #DIV/0! | AO16: =C16/$BV16 -> #DIV/0! | AP16: =D16/$BV16 -> #DIV/0! | AQ16: =B16/$V16 -> #DIV/0! | AR16: =C16/$V16 -> #DIV/0! | AS16: =H16/$V16 -> #DIV/0! | AT16: =I16/$V16 -> #DIV/0! | AU16: =D16/$V16 -> #DIV/0! | AV16: =AQ16+AR16+AU16 -> #DIV/0! | AW16: =O16/$V16 -> #DIV/0! | AX16: =P16/$V16-AW16 -> #DIV/0! | AY16: =Q16/$V16-AW16 -> #DIV/0! | AZ16: =$AW16+AX16 -> #DIV/0! | BA16: =$AW16+AY16 -> #DIV/0! | BB16: =J16/$V16 -> #DIV/0! | BC16: =K16/$V16 -> #DIV/0! | BD16: =L16/$V16 -> #DIV/0! | BE16: =M16/$V16 -> #DIV/0! | BF16: =N16/$V16 -> #DIV/0! | BG16: =Z16/X16 -> #DIV/0! | BH16: =AA16/X16 -> #DIV/0! | BI16: =B16/AF16 -> #DIV/0! | BJ16: =W16/Y16 -> #DIV/0! | BK16: =AB16/W16 -> #DIV/0! | BL16: =AC16/W16 -> #DIV/0! | BM16: =AC16/BJ16 -> #DIV/0! | BN16: =C16+J16 -> 0 | BO16: =C16+D16+J16+M16 -> 0 | BP16: =B16+N16 -> 0 | BQ16: =BN16/$O16 -> #DIV/0! | BR16: =BO16/$O16 -> #DIV/0! | BS16: =BP16/$O16 -> #DIV/0! | BT16: =(J16+M16+N16)/O16 -> #DIV/0! | BU16: =J16/$O16 -> #DIV/0! | BV16: =SUM(B16:D16) -> 0 | BW16: =BV16/AF16 -> #DIV/0! | BX16: =V16/X16 -> #DIV/0!
A17: Kairos Barnett | AI17: 1 | AJ17: =X17/Y17 -> #DIV/0! | AK17: =X17/W17 -> #DIV/0! | AL17: =1/SQRT(AK17) -> #DIV/0! | AM17: =S17/SQRT(AK17) -> #DIV/0! | AN17: =B17/$BV17 -> #DIV/0! | AO17: =C17/$BV17 -> #DIV/0! | AP17: =D17/$BV17 -> #DIV/0! | AQ17: =B17/$V17 -> #DIV/0! | AR17: =C17/$V17 -> #DIV/0! | AS17: =H17/$V17 -> #DIV/0! | AT17: =I17/$V17 -> #DIV/0! | AU17: =D17/$V17 -> #DIV/0! | AV17: =AQ17+AR17+AU17 -> #DIV/0! | AW17: =O17/$V17 -> #DIV/0! | AX17: =P17/$V17-AW17 -> #DIV/0! | AY17: =Q17/$V17-AW17 -> #DIV/0! | AZ17: =$AW17+AX17 -> #DIV/0! | BA17: =$AW17+AY17 -> #DIV/0! | BB17: =J17/$V17 -> #DIV/0! | BC17: =K17/$V17 -> #DIV/0! | BD17: =L17/$V17 -> #DIV/0! | BE17: =M17/$V17 -> #DIV/0! | BF17: =N17/$V17 -> #DIV/0! | BG17: =Z17/X17 -> #DIV/0! | BH17: =AA17/X17 -> #DIV/0! | BI17: =B17/AF17 -> #DIV/0! | BJ17: =W17/Y17 -> #DIV/0! | BK17: =AB17/W17 -> #DIV/0! | BL17: =AC17/W17 -> #DIV/0! | BM17: =AC17/BJ17 -> #DIV/0! | BN17: =C17+J17 -> 0 | BO17: =C17+D17+J17+M17 -> 0 | BP17: =B17+N17 -> 0 | BQ17: =BN17/$O17 -> #DIV/0! | BR17: =BO17/$O17 -> #DIV/0! | BS17: =BP17/$O17 -> #DIV/0! | BT17: =(J17+M17+N17)/O17 -> #DIV/0! | BU17: =J17/$O17 -> #DIV/0! | BV17: =SUM(B17:D17) -> 0 | BW17: =BV17/AF17 -> #DIV/0! | BX17: =V17/X17 -> #DIV/0!
A18: Permian/2019 w/2021 bounds | AI18: 0.5 | AJ18: =X18/Y18 -> #DIV/0! | AK18: =X18/W18 -> #DIV/0! | AL18: =1/SQRT(AK18) -> #DIV/0! | AM18: =S18/SQRT(AK18) -> #DIV/0! | AN18: =B18/$BV18 -> #DIV/0! | AO18: =C18/$BV18 -> #DIV/0! | AP18: =D18/$BV18 -> #DIV/0! | AQ18: =B18/$V18 -> #DIV/0! | AR18: =C18/$V18 -> #DIV/0! | AS18: =H18/$V18 -> #DIV/0! | AT18: =I18/$V18 -> #DIV/0! | AU18: =D18/$V18 -> #DIV/0! | AV18: =AQ18+AR18+AU18 -> #DIV/0! | AW18: =O18/$V18 -> #DIV/0! | AX18: =P18/$V18-AW18 -> #DIV/0! | AY18: =Q18/$V18-AW18 -> #DIV/0! | AZ18: =$AW18+AX18 -> #DIV/0! | BA18: =$AW18+AY18 -> #DIV/0! | BB18: =J18/$V18 -> #DIV/0! | BC18: =K18/$V18 -> #DIV/0! | BD18: =L18/$V18 -> #DIV/0! | BE18: =M18/$V18 -> #DIV/0! | BF18: =N18/$V18 -> #DIV/0! | BG18: =Z18/X18 -> #DIV/0! | BH18: =AA18/X18 -> #DIV/0! | BI18: =B18/AF18 -> #DIV/0! | BJ18: =W18/Y18 -> #DIV/0! | BK18: =AB18/W18 -> #DIV/0! | BL18: =AC18/W18 -> #DIV/0! | BM18: =AC18/BJ18 -> #DIV/0! | BN18: =C18+J18 -> 0 | BO18: =C18+D18+J18+M18 -> 0 | BP18: =B18+N18 -> 0 | BQ18: =BN18/$O18 -> #DIV/0! | BR18: =BO18/$O18 -> #DIV/0! | BS18: =BP18/$O18 -> #DIV/0! | BT18: =(J18+M18+N18)/O18 -> #DIV/0! | BU18: =J18/$O18 -> #DIV/0! | BV18: =SUM(B18:D18) -> 0 | BW18: =BV18/AF18 -> #DIV/0! | BX18: =V18/X18 -> #DIV/0!
A19: Midland_2019_F2021_bounds | AI19: 0.5 | AJ19: =X19/Y19 -> #DIV/0! | AK19: =X19/W19 -> #DIV/0! | AL19: =1/SQRT(AK19) -> #DIV/0! | AM19: =S19/SQRT(AK19) -> #DIV/0! | AN19: =B19/$BV19 -> #DIV/0! | AO19: =C19/$BV19 -> #DIV/0! | AP19: =D19/$BV19 -> #DIV/0! | AQ19: =B19/$V19 -> #DIV/0! | AR19: =C19/$V19 -> #DIV/0! | AS19: =H19/$V19 -> #DIV/0! | AT19: =I19/$V19 -> #DIV/0! | AU19: =D19/$V19 -> #DIV/0! | AV19: =AQ19+AR19+AU19 -> #DIV/0! | AW19: =O19/$V19 -> #DIV/0! | AX19: =P19/$V19-AW19 -> #DIV/0! | AY19: =Q19/$V19-AW19 -> #DIV/0! | AZ19: =$AW19+AX19 -> #DIV/0! | BA19: =$AW19+AY19 -> #DIV/0! | BB19: =J19/$V19 -> #DIV/0! | BC19: =K19/$V19 -> #DIV/0! | BD19: =L19/$V19 -> #DIV/0! | BE19: =M19/$V19 -> #DIV/0! | BF19: =N19/$V19 -> #DIV/0! | BG19: =Z19/X19 -> #DIV/0! | BH19: =AA19/X19 -> #DIV/0! | BI19: =B19/AF19 -> #DIV/0! | BJ19: =W19/Y19 -> #DIV/0! | BK19: =AB19/W19 -> #DIV/0! | BL19: =AC19/W19 -> #DIV/0! | BM19: =AC19/BJ19 -> #DIV/0! | BN19: =C19+J19 -> 0 | BO19: =C19+D19+J19+M19 -> 0 | BP19: =B19+N19 -> 0 | BQ19: =BN19/$O19 -> #DIV/0! | BR19: =BO19/$O19 -> #DIV/0! | BS19: =BP19/$O19 -> #DIV/0! | BT19: =(J19+M19+N19)/O19 -> #DIV/0! | BU19: =J19/$O19 -> #DIV/0! | BV19: =SUM(B19:D19) -> 0 | BW19: =BV19/AF19 -> #DIV/0! | BX19: =V19/X19 -> #DIV/0!
A20: Delaware_2019_F2021_bounds | AI20: 0.5 | AJ20: =X20/Y20 -> #DIV/0! | AK20: =X20/W20 -> #DIV/0! | AL20: =1/SQRT(AK20) -> #DIV/0! | AM20: =S20/SQRT(AK20) -> #DIV/0! | AN20: =B20/$BV20 -> #DIV/0! | AO20: =C20/$BV20 -> #DIV/0! | AP20: =D20/$BV20 -> #DIV/0! | AQ20: =B20/$V20 -> #DIV/0! | AR20: =C20/$V20 -> #DIV/0! | AS20: =H20/$V20 -> #DIV/0! | AT20: =I20/$V20 -> #DIV/0! | AU20: =D20/$V20 -> #DIV/0! | AV20: =AQ20+AR20+AU20 -> #DIV/0! | AW20: =O20/$V20 -> #DIV/0! | AX20: =P20/$V20-AW20 -> #DIV/0! | AY20: =Q20/$V20-AW20 -> #DIV/0! | AZ20: =$AW20+AX20 -> #DIV/0! | BA20: =$AW20+AY20 -> #DIV/0! | BB20: =J20/$V20 -> #DIV/0! | BC20: =K20/$V20 -> #DIV/0! | BD20: =L20/$V20 -> #DIV/0! | BE20: =M20/$V20 -> #DIV/0! | BF20: =N20/$V20 -> #DIV/0! | BG20: =Z20/X20 -> #DIV/0! | BH20: =AA20/X20 -> #DIV/0! | BI20: =B20/AF20 -> #DIV/0! | BJ20: =W20/Y20 -> #DIV/0! | BK20: =AB20/W20 -> #DIV/0! | BL20: =AC20/W20 -> #DIV/0! | BM20: =AC20/BJ20 -> #DIV/0! | BN20: =C20+J20 -> 0 | BO20: =C20+D20+J20+M20 -> 0 | BP20: =B20+N20 -> 0 | BQ20: =BN20/$O20 -> #DIV/0! | BR20: =BO20/$O20 -> #DIV/0! | BS20: =BP20/$O20 -> #DIV/0! | BT20: =(J20+M20+N20)/O20 -> #DIV/0! | BU20: =J20/$O20 -> #DIV/0! | BV20: =SUM(B20:D20) -> 0 | BW20: =BV20/AF20 -> #DIV/0! | BX20: =V20/X20 -> #DIV/0!
A21: GHGI 2022 (for 2020) | AI21: 1 | AQ21: 0.0048 | AW21: =AQ21+BF21 -> 0.0098 | AX21: -0.00196 | AY21: 0.00205 | BF21: 0.005
A22: Totals excluding repeats | V22: =V17+V4+V15+V13+V7+V3 -> 81546.389 | W22: =W17+W4+W15+W13+W7+W3 -> 84570 | X22: =SUM(X2:X17) -> 326908 | AC22: =AC17+AC4+AC15+AC13+AC7+AC3 -> 483.512 | AI22: 1 | AJ22: =AJ17+AJ16+AJ15+AJ13+AJ7+AJ3 -> #DIV/0! | AK22: =X22/W22 -> 3.8655315 | BJ22: =BJ3+BJ7+BJ13+BJ15+BJ16+BJ17 -> #DIV/0! | BM22: =AC22/BJ22 -> #DIV/0!
A23: Totals including repeats (no 2019 subcampaigns) | AC23: =SUM(AC2:AC17) -> 483.512 | AI23: 1 | AJ23: =SUM(AJ2:AJ17) -> #DIV/0! | BJ23: =SUM(BJ2:BJ17) -> #DIV/0! | BM23: =AC23/BJ23 -> #DIV/0!
U24: Fraction of national gas covered | V24: =V22/V25 -> 0.95625745
U25: 2021 US gas prod | V25: 85276.605

Sheet By site no strat
A1: Scenario | B1: Simulation (t/h) | C1: Aerial (t/h) | D1: Partial (t/h) | E1: Total emissions (t/h) | F1: Total emissions P2.5 | G1: Total emissions P97.5 | H1: Aerial emissions P2.5 | I1: Aerial emissions P97.5 | J1: Aerial midstream emissions (t/h) | K1: Aerial midstream emissions P2.5 | L1: Aerial midstream emissions P97.5 | M1: Midstream partial detect (t/h) | N1: Midstream GHGI below min detect (t/h) | O1: Total emissions + midstream (t/h) | P1: Total emissions + midstream P2.5 | Q1: Total emissions + midstream P97.5 | R1: N | S1: % SDev of MC iterations | T1: Min detected emission | U1: Transition point | V1: Total covered production (t(CH4)/hr) | W1: Wells covered | X1: Well visits | Y1: Wells per site | Z1: # production plumes | AA1: # production plumes sel | AB1: # prod sources overall | AC1: # avg prod sources sim | AD1: # midstream plumes | AE1: # midstream sources | AF1: Total sim emissions | AG1: Stratify by covered prod | AH1: Include repeats | AI1: High prod | AJ1: Well site visits | AK1: Avg visits/well | AL1: SD to SErr factor | AM1: SErr of mean total emissions | AN1: Serr of sample mean | AO1: Simulation % | AP1: Aerial % | AQ1: Partial % | AR1: Methane fractional loss simulation | AS1: Methane fractional loss aerial | AT1: AerialFracLossP2.5 | AU1: AerialFracLossP97.5 | AV1: Methane fractional loss partial | AW1: FracLossProd | AX1: Methane fractional loss total | AY1: FracLossP2.5 | AZ1: FracLossP97.5 | BA1: FracLossP2.5Full | BB1: FracLossP97.5Full | BC1: FracLossMid | BD1: FracLossMidP2.5 | BE1: FracLossMidP97.5 | BF1: FracLossMidPartial | BG1: FracLossMidGHGI | BH1: % aerial | BI1: % aerial sel | BJ1: Fraction sim retained | BK1: Sites covered | BL1: % wells ever emitting | BM1: Avg % wells emitting | BN1: Avg % sites emitting | BO1: Total aerial | BP1: Total aerial+partial emissions | BQ1: Total sim emissions | BR1: Frac aerial | BS1: Frac aerial+partial | BT1: Frac sim | BU1: Frac midstream | BV1: Frac midstream aerial | BW1: Total production emissions | BX1: Total/Sim | BY1: Production/site covered | BZ1: State GHGI | CA1: NG methane fraction | CB1: kgCH4 per mcfNG
A2: Kairos_Permian | B2: 13.397303 | C2: 77.992979 | D2: 5.5457303 | E2: 96.936012 | F2: 89.981608 | G2: 105.9876 | H2: 71.318082 | I2: 86.833318 | J2: 73.70308 | K2: 67.563548 | L2: 83.864757 | M2: 6.2816795 | N2: 7.4248658 | O2: 184.34564 | P2: 173.22334 | Q2: 198.57914 | R2: 1000 | S2: 0.063205386 | T2: 7.0962343 | U2: 17.382 | V2: 1952.0451 | W2: 21637 | X2: 81564 | Y2: 1.2 | Z2: 1083 | AA2: 1082.361 | AB2: 537 | AC2: 258.756 | AD2: 902 | AE2: 415 | AF2: 20.822169 | AG2: No | AH2: No | AI2: 20221204e | AJ2: 67970 | AK2: 3.7698281 | AL2: 0.51503795 | AM2: 0.032553172 | AN2: 0.0019987298 | AO2: 0.11353437 | AP2: 0.88586171 | AQ2: 0.0006039167 | AR2: 0.0068632139 | AS2: 0.039954496 | AT2: 0.0333153 | AU2: 0.048747552 | AV2: 0.0028409847 | AW2: 0.049658694 | AX2: 0.09443718 | AY2: -0.0056977651 | AZ2: 0.0072915833 | BA2: 0.088739415 | BB2: 0.10172876 | BC2: 0.037756852 | BD2: 0.034611673 | BE2: 0.042962509 | BF2: 0.0026089464 | BG2: 0.0038036343 | BH2: 0.0159335 | BI2: 0.015924099 | BJ2: 0.62971522 | BK2: 18030 | BL2: 0.029783694 | BM2: 0.011958959 | BN2: 0.014351414 | BO2: 151.69606 | BP2: 157.97774 | BQ2: 20.822169 | BR2: 0.8228883 | BS2: 0.85696406 | BT2: 0.1129526 | BU2: 0.47416215 | BV2: 0.39980927 | BW2: 96.936012 | BX2: 4.5562778 | BY2: 0.10826651 | BZ2: 0.012478177 | CA2: 0.9 | CB2: 17.326203
A3: Permian_2019 | B3: 45.276874 | C3: 236.58088 | D3: 0 | E3: 281.85775 | F3: 272.23349 | G3: 291.80829 | H3: 227.04241 | I3: 246.4512 | J3: 212.75016 | K3: 199.80771 | L3: 227.11517 | M3: 0 | N3: 38.281727 | O3: 532.88964 | P3: 510.21736 | Q3: 557.7044 | R3: 1000 | S3: 0.033340289 | T3: 15.029525 | U3: 50.458 | V3: 10526.815 | W3: 84570 | X3: 326908 | Y3: 1.8250769 | Z3: 1749 | AA3: 1663.859 | AB3: 1054 | AC3: 483.304 | AD3: 1272 | AE3: 679 | AF3: 83.5586 | AG3: No | AH3: No | AI3: 20221204e | AJ3: 179120 | AK3: 3.8655934 | AL3: 0.50861822 | AM3: 0.016957478 | AN3: 0.0010543125 | AO3: 0.10034401 | AP3: 0.89965599 | AQ3: 0 | AR3: 0.0043010991 | AS3: 0.022474118 | AT3: 0.020692602 | AU3: 0.024317615 | AV3: 0 | AW3: 0.026775217 | AX3: 0.050622117 | AY3: -0.0021537649 | AZ3: 0.0023572896 | BA3: 0.048468352 | BB3: 0.052979406 | BC3: 0.020210308 | BD3: 0.018980833 | BE3: 0.021574918 | BF3: 0 | BG3: 0.0036365916 | BH3: 0.0097644038 | BI3: 0.0092890744 | BJ3: 0.82749495 | BK3: 46337 | BL3: 0.022746401 | BM3: 0.0057148398 | BN3: 0.010430196 | BO3: 449.33104 | BP3: 449.33104 | BQ3: 83.5586 | BR3: 0.84319684 | BS3: 0.84319684 | BT3: 0.15680316 | BU3: 0.47107659 | BV3: 0.39923845 | BW3: 281.85775 | BX3: 5.1513269 | BY3: 0.22717946 | BZ3: 0.011491852 | CA3: 0.9 | CB3: 17.326203
A4: Permian_2020 | B4: 9.2140909 | C4: 35.408918 | D4: 0 | E4: 44.623008 | F4: 41.395437 | G4: 48.260754 | H4: 32.216161 | I4: 39.032674 | J4: 60.186546 | K4: 53.638978 | L4: 67.577081 | M4: 0 | N4: 16.369542 | O4: 121.1791 | P4: 110.98112 | Q4: 132.40838 | R4: 1000 | S4: 0.05697272 | T4: 8.0919112 | U4: 53.019 | V4: 4766.5264 | W4: 17120 | X4: 48890 | Y4: 1.8250769 | Z4: 284 | AA4: 264.626 | AB4: 239 | AC4: 101.207 | AD4: 316 | AE4: 233 | AF4: 25.583633 | AG4: No | AH4: No | AI4: 20221204e | AJ4: 26787 | AK4: 2.8557569 | AL4: 0.59175152 | AM4: 0.033713694 | AN4: 0.0018016356 | AO4: 0.1156612 | AP4: 0.8843388 | AQ4: 0 | AR4: 0.001933083 | AS4: 0.0074286629 | AT4: 0.0062967203 | AU4: 0.0087134097 | AV4: 0 | AW4: 0.0093617458 | AX4: 0.025422936 | AY4: -0.0021394977 | AZ4: 0.002355864 | BA4: 0.023283439 | BB4: 0.0277788 | BC4: 0.01262692 | BD4: 0.011253264 | BE4: 0.014177427 | BF4: 0 | BG4: 0.0034342708 | BH4: 0.010602158 | BI4: 0.0098788965 | BJ4: 0.83384717 | BK4: 9380 | BL4: 0.025479744 | BM4: 0.0059116238 | BN4: 0.010789659 | BO4: 95.595464 | BP4: 95.595464 | BQ4: 25.583633 | BR4: 0.78887661 | BS4: 0.78887661 | BT4: 0.21112339 | BU4: 0.63175928 | BV4: 0.49667296 | BW4: 44.623008 | BX4: 4.0383042 | BY4: 0.50815846 | BZ4: 0.010661119 | CA4: 0.9 | CB4: 17.326203
A5: Permian_fall2021 | B5: 10.430614 | C5: 35.823327 | D5: 0 | E5: 46.253941 | F5: 42.688807 | G5: 50.222046 | H5: 32.275496 | I5: 39.726874 | J5: 43.989762 | K5: 39.118024 | L5: 49.436108 | M5: 0 | N5: 21.388092 | O5: 111.63179 | P5: 101.48986 | Q5: 122.15738 | R5: 1000 | S5: 0.066405672 | T5: 23.348039 | U5: 47.029 | V5: 6227.8408 | W5: 19670 | X5: 94306 | Y5: 1.8250769 | Z5: 334 | AA5: 304.767 | AB5: 232 | AC5: 92.828 | AD5: 368 | AE5: 179 | AF5: 31.818706 | AG5: No | AH5: No | AI5: 20221204e | AJ5: 51672 | AK5: 4.7946553 | AL5: 0.45668979 | AM5: 0.030326793 | AN5: 0.0020999317 | AO5: 0.18476968 | AP5: 0.81523032 | AQ5: 0 | AR5: 0.0016748364 | AS5: 0.0057521263 | AT5: 0.004504731 | AU5: 0.0071245894 | AV5: 0 | AW5: 0.0074269626 | AX5: 0.017924638 | AY5: -0.0016284829 | AZ5: 0.0016900852 | BA5: 0.016296156 | BB5: 0.019614724 | BC5: 0.007063405 | BD5: 0.0062811535 | BE5: 0.0079379209 | BF5: 0 | BG5: 0.0034342708 | BH5: 0.0064638489 | BI5: 0.0058981073 | BJ5: 0.81866328 | BK5: 10777 | BL5: 0.021527327 | BM5: 0.0047192679 | BN5: 0.0086135288 | BO5: 79.813089 | BP5: 79.813089 | BQ5: 31.818706 | BR5: 0.71496652 | BS5: 0.71496652 | BT5: 0.28503348 | BU5: 0.58565758 | BV5: 0.39406173 | BW5: 46.253941 | BX5: 3.630378 | BY5: 0.5778826 | BZ5: 0.010661119 | CA5: 0.9 | CB5: 17.326203
A6: Permian_summer2021 | B6: 10.057129 | C6: 37.510733 | D6: 0 | E6: 47.567862 | F6: 44.454204 | G6: 51.033228 | H6: 34.384229 | I6: 40.928942 | J6: 45.120082 | K6: 41.234845 | L6: 49.2166 | M6: 0 | N6: 20.435387 | O6: 113.12333 | P6: 104.37253 | Q6: 122.26334 | R6: 1000 | S6: 0.052740761 | T6: 11.813408 | U6: 45.98 | V6: 5950.4297 | W6: 19040 | X6: 91907 | Y6: 1.8250769 | Z6: 416 | AA6: 386.998 | AB6: 296 | AC6: 124.653 | AD6: 477 | AE6: 232 | AF6: 30.492516 | AG6: No | AH6: No | AI6: 20221204e | AJ6: 50357 | AK6: 4.8271664 | AL6: 0.45514928 | AM6: 0.02400492 | AN6: 0.0016678093 | AO6: 0.19185243 | AP6: 0.80814757 | AQ6: 0 | AR6: 0.0016901517 | AS6: 0.0063038697 | AT6: 0.0051494684 | AU6: 0.0075659773 | AV6: 0 | AW6: 0.0079940214 | AX6: 0.019010952 | AY6: -0.0014706165 | AZ6: 0.0015360254 | BA6: 0.017540335 | BB6: 0.020546977 | BC6: 0.0075826594 | BD6: 0.0069297256 | BE6: 0.0082711002 | BF6: 0 | BG6: 0.0034342708 | BH6: 0.0082610163 | BI6: 0.0076850885 | BJ6: 0.81684498 | BK6: 10432 | BL6: 0.028374233 | BM6: 0.0065469013 | BN6: 0.011949099 | BO6: 82.630815 | BP6: 82.630815 | BQ6: 30.492516 | BR6: 0.73044783 | BS6: 0.73044783 | BT6: 0.26955217 | BU6: 0.57950494 | BV6: 0.3988571 | BW6: 47.567862 | BX6: 3.8634859 | BY6: 0.57040162 | BZ6: 0.010661119 | CA6: 0.9 | CB6: 17.326203
A7: San_Joaquin_2016 | B7: 1.9933481 | C7: 2.3946755 | D7: 0 | E7: 4.3880236 | F7: 3.6031738 | G7: 5.2319431 | H7: 1.6200702 | I7: 3.2515661 | J7: 4.7652008 | K7: 3.6741666 | L7: 6.1457933 | M7: 0 | N7: 1.1897866 | O7: 10.343011 | P7: 8.7701514 | Q7: 12.234067 | R7: 1000 | S7: 0.10719444 | T7: 9 | U7: 41.089 | V7: 264.97396 | W7: 41547 | X7: 81234 | Y7: 1.7471737 | Z7: 77 | AA7: 69.001 | AB7: 40 | AC7: 15.051 | AD7: 48 | AE7: 36 | AF7: 3.1831347 | AG7: No | AH7: No | AI7: 20221204e | AJ7: 46494 | AK7: 1.9552546 | AL7: 0.71515197 | AM7: 0.076660317 | AN7: 0.0033897859 | AO7: 0 | AP7: 1 | AQ7: 0 | AR7: 0.0075228077 | AS7: 0.0090373995 | AT7: 0.0049497002 | AU7: 0.01355933 | AV7: 0 | AW7: 0.016560207 | AX7: 0.039034066 | AY7: -0.0059359026 | AZ7: 0.0071367614 | BA7: 0.033098164 | BB7: 0.046170828 | BC7: 0.017983657 | BD7: 0.013866142 | BE7: 0.023193952 | BF7: 0 | BG7: 0.004490202 | BH7: 0.0016561277 | BI7: 0.001484084 | BJ7: 0.98565671 | BK7: 23779 | BL7: 0.0016821565 | BM7: 0.00036226442 | BN7: 0.00063295345 | BO7: 7.1598763 | BP7: 7.1598763 | BQ7: 3.1831347 | BR7: 0.69223861 | BS7: 0.69223861 | BT7: 0.30776139 | BU7: 0.57574917 | BV7: 0.460715 | BW7: 4.3880236 | BX7: 2.1697856 | BY7: 0.011143192 | BZ7: 0.057351807 | CA7: 0.9 | CB7: 17.326203
A8: San_Joaquin_2017 | B8: 1.9310676 | C8: 4.4886926 | D8: 0 | E8: 6.4197602 | F8: 5.6675421 | G8: 7.245227 | H8: 3.7301047 | I8: 5.3035649 | J8: 7.4516396 | K8: 6.1665135 | L8: 8.9805701 | M8: 0 | N8: 1.2427775 | O8: 15.114177 | P8: 13.335095 | Q8: 17.091444 | R8: 1000 | S8: 0.12461943 | T8: 11 | U8: 38.048 | V8: 284.66581 | W8: 40365 | X8: 192459 | Y8: 1.7471737 | Z8: 86 | AA8: 80.532 | AB8: 54 | AC8: 15.931 | AD8: 144 | AE8: 89 | AF8: 3.1738451 | AG8: No | AH8: No | AI8: 20221204e | AJ8: 110154 | AK8: 4.7679522 | AL8: 0.45796686 | AM8: 0.057071568 | AN8: 0.0039408123 | AO8: 0 | AP8: 1 | AQ8: 0 | AR8: 0.0067836302 | AS8: 0.015768288 | AT8: 0.0099494463 | AU8: 0.022018866 | AV8: 0 | AW8: 0.022551918 | AX8: 0.053094459 | AY8: -0.0062497231 | AZ8: 0.0069459234 | BA8: 0.046844735 | BB8: 0.060040382 | BC8: 0.026176798 | BD8: 0.02166229 | BE8: 0.031547764 | BF8: 0 | BG8: 0.0043657419 | BH8: 0.00078072517 | BI8: 0.00073108557 | BJ8: 0.98482158 | BK8: 23103 | BL8: 0.0023373588 | BM8: 0.0003946736 | BN8: 0.00068956413 | BO8: 11.940332 | BP8: 11.940332 | BQ8: 3.1738451 | BR8: 0.79000735 | BS8: 0.79000735 | BT8: 0.20999265 | BU8: 0.57524756 | BV8: 0.49302096 | BW8: 6.4197602 | BX8: 3.2740526 | BY8: 0.012321595 | BZ8: 0.054455461 | CA8: 0.9 | CB8: 17.326203
A9: San_Joaquin_fall2020 | B9: 1.3808152 | C9: 2.5889698 | D9: 0 | E9: 3.969785 | F9: 3.3549482 | G9: 4.9081228 | H9: 1.9794882 | I9: 3.5347169 | J9: 3.7673711 | K9: 2.9483599 | L9: 5.0097869 | M9: 0 | N9: 0.92232287 | O9: 8.6594789 | P9: 7.4471645 | Q9: 10.29858 | R9: 1000 | S9: 0.20943518 | T9: 20.646402 | U9: 37.196176 | V9: 245.23328 | W9: 33090 | X9: 238974 | Y9: 1.995878 | Z9: 48 | AA9: 45.369 | AB9: 27 | AC9: 8.091 | AD9: 63 | AE9: 34 | AF9: 2.303138 | AG9: No | AH9: No | AI9: 20221204e | AJ9: 119733 | AK9: 7.2219675 | AL9: 0.37211076 | AM9: 0.077933086 | AN9: 0.006622922 | AO9: 0 | AP9: 1 | AQ9: 0 | AR9: 0.0056306191 | AS9: 0.010557172 | AT9: 0.0038782099 | AU9: 0.020921076 | AV9: 0 | AW9: 0.016187791 | AX9: 0.035311191 | AY9: -0.0049435155 | AZ9: 0.0066838433 | BA9: 0.030367675 | BB9: 0.041995034 | BC9: 0.015362398 | BD9: 0.012022675 | BE9: 0.020428659 | BF9: 0 | BG9: 0.0037610021 | BH9: 0.00040089198 | BI9: 0.00037891809 | BJ9: 0.98091802 | BK9: 16579 | BL9: 0.0016285663 | BM9: 0.00024451496 | BN9: 0.00048802702 | BO9: 6.3563409 | BP9: 6.3563409 | BQ9: 2.303138 | BR9: 0.7340261 | BS9: 0.7340261 | BT9: 0.2659739 | BU9: 0.54156734 | BV9: 0.43505405 | BW9: 3.969785 | BX9: 2.8202044 | BY9: 0.014791801 | BZ9: 0.061625508 | CA9: 0.9 | CB9: 17.326203
A10: San_Joaquin_summer2020 | B10: 1.3321961 | C10: 3.8455935 | D10: 0 | E10: 5.1777896 | F10: 4.4850049 | G10: 5.9572726 | H10: 3.1553437 | I10: 4.6287291 | J10: 4.2079763 | K10: 3.5632985 | L10: 5.033137 | M10: 0 | N10: 0.87037445 | O10: 10.25614 | P10: 9.1307419 | Q10: 11.593469 | R10: 1000 | S10: 0.15097099 | T10: 23.632192 | U10: 35.298322 | V10: 231.42089 | W10: 31919 | X10: 238393 | Y10: 1.995878 | Z10: 94 | AA10: 90.637 | AB10: 39 | AC10: 13.337 | AD10: 151 | AE10: 65 | AF10: 2.2025705 | AG10: No | AH10: No | AI10: 20221204e | AJ10: 119442 | AK10: 7.4688594 | AL10: 0.3659088 | AM10: 0.055241615 | AN10: 0.0047741219 | AO10: 0 | AP10: 1 | AQ10: 0 | AR10: 0.005756594 | AS10: 0.016617314 | AT10: 0.0084659387 | AU10: 0.025865607 | AV10: 0 | AW10: 0.022373908 | AX10: 0.044318127 | AY10: -0.0048629941 | AZ10: 0.0057787722 | BA10: 0.039455133 | BB10: 0.050096899 | BC10: 0.018183217 | BD10: 0.01539748 | BE10: 0.021748845 | BF10: 0 | BG10: 0.0037610021 | BH10: 0.00078699285 | BI10: 0.00075883693 | BJ10: 0.98006713 | BK10: 15992 | BL10: 0.0024387194 | BM10: 0.0004178389 | BN10: 0.00083397949 | BO10: 8.0535698 | BP10: 8.0535698 | BQ10: 2.2025705 | BR10: 0.78523423 | BS10: 0.78523423 | BT10: 0.21476577 | BU10: 0.49514492 | BV10: 0.41027689 | BW10: 5.1777896 | BX10: 3.8092414 | BY10: 0.014471041 | BZ10: 0.061625508 | CA10: 0.9 | CB10: 17.326203
A11: San_Joaquin_fall2021 | B11: 1.3587442 | C11: 1.7464598 | D11: 0 | E11: 3.105204 | F11: 2.6631169 | G11: 3.6283864 | H11: 1.3028274 | I11: 2.2688466 | J11: 0.79447776 | K11: 0.5681014 | L11: 1.0449883 | M11: 0 | N11: 0.74474802 | O11: 4.6444298 | P11: 4.0045046 | Q11: 5.3527548 | R11: 1000 | S11: 0.11934139 | T11: 15.95883 | U11: 22.639 | V11: 198.01851 | W11: 33418 | X11: 119340 | Y11: 1.995878 | Z11: 47 | AA11: 41.362 | AB11: 35 | AC11: 15.708 | AD11: 17 | AE11: 12 | AF11: 2.1034922 | AG11: No | AH11: No | AI11: 20221204e | AJ11: 59793 | AK11: 3.5712238 | AL11: 0.52916543 | AM11: 0.063151338 | AN11: 0.0037739061 | AO11: 0 | AP11: 1 | AQ11: 0 | AR11: 0.006861703 | AS11: 0.00881968 | AT11: 0.0045859216 | AU11: 0.013805021 | AV11: 0 | AW11: 0.015681383 | AX11: 0.023454524 | AY11: -0.0032316431 | AZ11: 0.0035770648 | BA11: 0.020222881 | BB11: 0.027031589 | BC11: 0.0040121389 | BD11: 0.0028689309 | BE11: 0.0052772253 | BF11: 0 | BG11: 0.0037610021 | BH11: 0.00078604519 | BI11: 0.00069175322 | BJ11: 0.95686256 | BK11: 16743 | BL11: 0.0020904258 | BM11: 0.00047004608 | BN11: 0.00093818312 | BO11: 2.5409376 | BP11: 2.5409376 | BQ11: 2.1034922 | BR11: 0.54707851 | BS11: 0.54707851 | BT11: 0.45292149 | BU11: 0.3314122 | BV11: 0.17105448 | BW11: 3.105204 | BX11: 2.1868107 | BY11: 0.011826943 | BZ11: 0.061625508 | CA11: 0.9 | CB11: 17.326203
A12: Denver_summer2021 | B12: 8.1036662 | C12: 2.2926296 | D12: 0 | E12: 10.396296 | F12: 9.7413772 | G12: 11.198465 | H12: 1.656923 | I12: 3.0871285 | J12: 0.70680533 | K12: 0.46072834 | L12: 1.0545085 | M12: 0 | N12: 6.246524 | O12: 17.349625 | P12: 15.504575 | Q12: 19.299476 | R12: 1000 | S12: 0.055541726 | T12: 11.102345 | U12: 69.822 | V12: 1997.3945 | W12: 11671 | X12: 59356 | Y12: 1.6088026 | Z12: 34 | AA12: 27.794 | AB12: 27 | AC12: 8.462 | AD12: 24 | AE12: 9 | AF12: 14.35019 | AG12: No | AH12: No | AI12: 20221204e | AJ12: 36894 | AK12: 5.0860215 | AL12: 0.44341553 | AM12: 0.024628064 | AN12: 0.0017563836 | AO12: 0.98977114 | AP12: 0.010228863 | AQ12: 0 | AR12: 0.0040571185 | AS12: 0.0011478101 | AT12: 0.00043004563 | AU12: 0.002044864 | AV12: 0 | AW12: 0.0052049286 | AX12: 0.0086861284 | AY12: -0.0009237286 | AZ12: 0.00097619735 | BA12: 0.0077623998 | BB12: 0.0096623258 | BC12: 0.00035386366 | BD12: 0.00023066467 | BE12: 0.00052794202 | BF12: 0 | BG12: 0.0031273362 | BH12: 0.00092155906 | BI12: 0.00075334743 | BJ12: 0.95598771 | BK12: 7254 | BL12: 0.0037220844 | BM12: 0.00072504498 | BN12: 0.0011665288 | BO12: 2.9994349 | BP12: 2.9994349 | BQ12: 14.35019 | BR12: 0.17287704 | BS12: 0.17287704 | BT12: 0.82712296 | BU12: 0.40077845 | BV12: 0.04073775 | BW12: 10.396296 | BX12: 1.2264515 | BY12: 0.27535077 | BZ12: 0.0097082922 | CA12: 0.9 | CB12: 17.326203
A13: Denver_fall2021 | B13: 8.0555189 | C13: 2.3206518 | D13: 0 | E13: 10.376171 | F13: 9.6129006 | G13: 11.347088 | H13: 1.5940502 | I13: 3.2692363 | J13: 2.3776261 | K13: 1.5978784 | L13: 4.1619269 | M13: 0 | N13: 6.1693766 | O13: 18.923173 | P13: 16.542327 | Q13: 22.055777 | R13: 1000 | S13: 0.1127974 | T13: 10.160213 | U13: 61.818 | V13: 1972.7258 | W13: 11688 | X13: 67811 | Y13: 1.6088026 | Z13: 40 | AA13: 32.483 | AB13: 33 | AC13: 8.471 | AD13: 29 | AE13: 21 | AF13: 14.224896 | AG13: No | AH13: No | AI13: 20221204e | AJ13: 42149 | AK13: 5.8016518 | AL13: 0.41516829 | AM13: 0.046829905 | AN13: 0.0035669671 | AO13: 0.98743377 | AP13: 0.012566226 | AQ13: 0 | AR13: 0.0040834459 | AS13: 0.0011763682 | AT13: 0.00028920097 | AU13: 0.0023345724 | AV13: 0 | AW13: 0.0052598141 | AX13: 0.0095923994 | AY13: -0.0012068814 | AZ13: 0.0015879568 | BA13: 0.008385518 | BB13: 0.011180356 | BC13: 0.0012052492 | BD13: 0.00080998507 | BE13: 0.0021097342 | BF13: 0 | BG13: 0.0031273362 | BH13: 0.00094901421 | BI13: 0.00077067072 | BJ13: 0.95109885 | BK13: 7265 | BL13: 0.0045423262 | BM13: 0.00072476044 | BN13: 0.0011660014 | BO13: 4.6982779 | BP13: 4.6982779 | BQ13: 14.224896 | BR13: 0.24827635 | BS13: 0.24827635 | BT13: 0.75172365 | BU13: 0.45166656 | BV13: 0.12564122 | BW13: 10.376171 | BX13: 1.2251023 | BY13: 0.2715383 | BZ13: 0.0097082922 | CA13: 0.9 | CB13: 17.326203
... A19: Permian_2019_F2021_Midland | B19: 5.3619661 | C19: 46.40614 | D19: 0 | E19: 51.768106 | F19: 48.202186 | G19: 55.617384 | H19: 42.861121 | I19: 50.256839 | J19: 38.150319 | K19: 31.574955 | L19: 47.261771 | M19: 0 | N19: 4.1551174 | O19: 94.073542 | P19: 85.292907 | Q19: 104.54924 | R19: 1000 | S19: 0.11688237 | T19: 16.353134 | U19: 97.624 | V19: 1142.5856 | W19: 9209 | X19: 51783 | Y19: 1.8250769 | Z19: 130 | AA19: 125.318 | AB19: 93 | AC19: 49.036 | AD19: 123 | AE19: 76 | AF19: 9.5170835 | AG19: No | AH19: No | AI19: 20221204e | AJ19: 28373 | AK19: 5.6239841 | AL19: 0.4216751 | AM19: 0.049286384 | AN19: 0.003696145 | AO19: 0.047853499 | AP19: 0.9521465 | AQ19: 0 | AR19: 0.0046928352 | AS19: 0.040615022 | AT19: 0.033257156 | AU19: 0.048607341 | AV19: 0 | AW19: 0.045307857 | AX19: 0.08233391 | AY19: -0.0076848817 | AZ19: 0.0091684139 | BA19: 0.074649028 | BB19: 0.091502324 | BC19: 0.033389461 | BD19: 0.027634651 | BE19: 0.041363876 | BF19: 0 | BG19: 0.0036365916 | BH19: 0.0045818207 | BI19: 0.0044168047 | BJ19: 0.89893135 | BK19: 5045 | BL19: 0.018434093 | BM19: 0.005324791 | BN19: 0.0097197225 | BO19: 84.556459 | BP19: 84.556459 | BQ19: 9.5170835 | BR19: 0.89883182 | BS19: 0.89883182 | BT19: 0.10116818 | BU19: 0.44969985 | BV19: 0.40553033 | BW19: 51.768106 | BX19: 8.6791786 | BY19: 0.22647882 | BZ19: 0.011491852 | CA19: 0.9 | CB19: 17.326203
U24: Fraction of national gas covered | V24: =V22/V25 -> 0
U25: 2021 US gas prod | V25: 85276.605

Sheet Aerial by source
A1: Basin/Campaign | B1: Production | C1: ProductionP2.5 | D1: ProductionP97.5 | E1: Midstream | F1: MidstreamP2.5 | G1: MidstreamP97.5 | H1: Coal | I1: CoalP2.5 | J1: CoalP97.5 | K1: Waste | L1: WasteP2.5 | M1: WasteP97.5 | N1: Agriculture | O1: AgricultureP2.5 | P1: AgricultureP97.5 | Q1: PowerPlant | R1: PowerPlantP2.5 | S1: PowerPlantP97.5 | T1: Unknown | U1: UnknownP2.5 | V1: UnknownP97.5
A2: Kairos Permian
A3: Permian/2019 | B3: 236.5 | C3: 214.5 | D3: 259.3 | E3: 213 | F3: 185.5 | G3: 240.7 | H3: Null | I3: Null | J3: Null | K3: Null | L3: Null | M3: Null | N3: Null | O3: Null | P3: Null | Q3: Null | R3: Null | S3: Null | T3: 11.62 | U3: 4.985 | V3: 36.32
A4: Permian/2020 | B4: 35.35 | C4: 30.16 | D4: 40.03 | E4: 59.84 | F4: 49.39 | G4: 70.64 | H4: 0 | I4: 0 | J4: 0 | K4: 0 | L4: 0 | M4: 0 | N4: 0 | O4: 0 | P4: 0 | Q4: Null | R4: Null | S4: Null | T4: Null | U4: Null | V4: Null
A5: Permian/Summer 2021 | B5: 37.68 | C5: 31.59 | D5: 47.86 | E5: 45 | F5: 35.79 | G5: 53.94 | H5: Null | I5: Null | J5: Null | K5: Null | L5: Null | M5: Null | N5: Null | O5: Null | P5: Null | Q5: Null | R5: Null | S5: Null | T5: 0.9133 | U5: 0.4914 | V5: 1.608
A6: Permian/Fall 2021 | B6: 35.91 | C6: 28.23 | D6: 44.39 | E6: 43.91 | F6: 35.17 | G6: 55.33 | H6: Null | I6: Null | J6: Null | K6: Null | L6: Null | M6: Null | N6: Null | O6: Null | P6: Null | Q6: Null | R6: Null | S6: Null | T6: 8.624 | U6: 4.015 | V6: 14.25
A7: San Joaquin/2016
A8: San Joaquin/2017
A9: San Joaquin/2016-2017
A10: San Joaquin/COVID 2020 | B10: 3.823 | C10: 2.075 | D10: 6.265 | E10: 4.132 | F10: 2.483 | G10: 6.53 | H10: Null | I10: Null | J10: Null | K10: 0.4155 | L10: 0.1336 | M10: 1.098 | N10: 8.744 | O10: 5.41 | P10: 12.31 | Q10: 0.3249 | R10: 0 | S10: 1.624 | T10: Null | U10: Null | V10: Null
A11: San Joaquin/2020 | B11: 2.528 | C11: 0.8901 | D11: 4.757 | E11: 3.716 | F11: 1.483 | G11: 6.233 | H11: Null | I11: Null | J11: Null | K11: 0 | L11: 0 | M11: 0 | N11: 0.4748 | O11: 0 | P11: 1.2 | Q11: 0.08307 | R11: 0 | S11: 0.5459 | T11: Null | U11: Null | V11: Null
A12: San Joaquin/Fall 2021 | B12: 1.739 | C12: 0.8733 | D12: 2.7 | E12: 0.7954 | F12: 0.3069 | G12: 1.354 | H12: Null | I12: Null | J12: Null | K12: 0.9278 | L12: 0.5603 | M12: 1.283 | N12: 3.152 | O12: 2.256 | P12: 4.075 | Q12: Null | R12: Null | S12: Null | T12: Null | U12: Null | V12: Null
A13: DJ/Summer 2021 | B13: 2.296 | C13: 0.7927 | D13: 3.894 | E13: 0.6859 | F13: 0.1826 | G13: 1.458 | H13: Null | I13: Null | J13: Null | K13: 0.5326 | L13: 0.09429 | M13: 1.039 | N13: 2.929 | O13: 1.431 | P13: 4.352 | Q13: Null | R13: Null | S13: Null | T13: Null | U13: Null | V13: Null
A14: DJ/Fall 2021 | B14: 2.412 | C14: 0.4996 | D14: 4.763 | E14: 2.363 | F14: 0.452 | G14: 7.037 | H14: Null | I14: Null | J14: Null | K14: 0.3597 | L14: 0.05896 | M14: 0.6531 | N14: 0.9949 | O14: 0.1345 | P14: 1.891 | Q14: Null | R14: Null | S14: Null | T14: Null | U14: Null | V14: Null
A15: Appalachia/2021 | B15: 38.64 | C15: 31.56 | D15: 45.99 | E15: 8.31 | F15: 5.303 | G15: 11.09 | H15: 44.79 | I15: 35.25 | J15: 58.49 | K15: 8.381 | L15: 6.061 | M15: 10.89 | N15: Null | O15: Null | P15: Null | Q15: Null | R15: Null | S15: Null | T15: Null | U15: Null | V15: Null
A16: Uinta/2020 | B16: 6.153 | C16: 3.615 | D16: 8.296 | E16: 2.86 | F16: 1.554 | G16: 4.66 | H16: 0.1794 | I16: 0 | J16: 0.6711 | K16: 0 | L16: 0 | M16: 0 | N16: 0 | O16: 0 | P16: 0 | Q16: Null | R16: Null | S16: Null | T16: Null | U16: Null | V16: Null
A17: Kairos Barnett
A18: Permian/2019 w/2021 bounds
A19: Midland_2019_F2021_bounds
A20: Delaware_2019_F2021_bounds
A21: Totals excluding repeats | B21: =SUM(B2:B16) -> 403.031 | C21: =SUM(C2:C16) -> 344.7857 | D21: =SUM(D2:D16) -> 468.245 | E21: =SUM(E2:E16) -> 384.6123 | F21: =SUM(F2:F16) -> 317.6145 | G21: =SUM(G2:G16) -> 458.972 | H21: =SUM(H2:H16) -> 44.9694 | I21: =SUM(I2:I16) -> 35.25 | ... V21: =SUM(V2:V16) -> 52.178
A22: Totals including repeats (no 2019 subcampaigns)

Sheet Well share by basin quantile
A1: Basin/Campaign | B1: 0.1 | C1: 0.2 | D1: 0.3 | E1: 0.4 | F1: 0.5 | G1: 0.6 | H1: 0.7 | I1: 0.8 | J1: 0.9 | K1: 0.95 | L1: 0.99 | M1: 1
A2: Kairos Permian
A3: Permian/2019 | B3: 0.1688 | C3: 0.011 | D3: 0.0509 | E3: 0.0559 | F3: 0.0699 | G3: 0.0729 | H3: 0.0919 | I3: 0.1379 | J3: 0.1518 | K3: 0.0849 | L3: 0.0879 | M3: 0.016
A4: Permian/2020 | B4: 0.2068 | C4: 0.006 | D4: 0.042 | E4: 0.0569 | F4: 0.0519 | G4: 0.0519 | H4: 0.0549 | I4: 0.0729 | J4: 0.0959 | K4: 0.1209 | L4: 0.1958 | M4: 0.044
A5: Permian/Summer 2021 | B5: 0.1499 | C5: 0.004 | D5: 0.024 | E5: 0.032 | F5: 0.043 | G5: 0.048 | H5: 0.0589 | I5: 0.0739 | J5: 0.1169 | K5: 0.1688 | L5: 0.2358 | M5: 0.045
A6: Permian/Fall 2021 | B6: 0.1459 | C6: 0.007 | D6: 0.022 | E6: 0.028 | F6: 0.043 | G6: 0.046 | H6: 0.0559 | I6: 0.0699 | J6: 0.1179 | K6: 0.1808 | L6: 0.2398 | M6: 0.044
A7: San Joaquin/2016 | B7: 0.5504 | C7: 0 | D7: 0 | E7: 0.015 | F7: 0.028 | G7: 0.025 | H7: 0.047 | I7: 0.0849 | J7: 0.1269 | K7: 0.0719 | L7: 0.037 | M7: 0.014
A8: San Joaquin/2017 | B8: 0.5195 | C8: 0 | D8: 0 | E8: 0.019 | F8: 0.027 | G8: 0.03 | H8: 0.041 | I8: 0.0869 | J8: 0.1379 | K8: 0.0799 | L8: 0.044 | M8: 0.015
A9: San Joaquin/2016-2017
A10: San Joaquin/COVID 2020 | B10: 0.5355 | C10: 0 | D10: 0 | E10: 0.013 | F10: 0.036 | G10: 0.026 | H10: 0.039 | I10: 0.0869 | J10: 0.1319 | K10: 0.0699 | L10: 0.046 | M10: 0.016
A11: San Joaquin/2020 | B11: 0.5844 | C11: 0 | D11: 0 | E11: 0.009 | F11: 0.036 | G11: 0.022 | H11: 0.037 | I11: 0.0699 | J11: 0.1179 | K11: 0.0609 | L11: 0.045 | M11: 0.018
A12: San Joaquin/Fall 2021 | B12: 0.5954 | C12: 0 | D12: 0 | E12: 0.013 | F12: 0.042 | G12: 0.032 | H12: 0.04 | I12: 0.0699 | J12: 0.1039 | K12: 0.05 | L12: 0.041 | M12: 0.013
A13: DJ/Fall 2021 | B13: 0.1868 | C13: 0.024 | D13: 0.03 | E13: 0.033 | F13: 0.025 | G13: 0.03 | H13: 0.0799 | I13: 0.1059 | J13: 0.2408 | K13: 0.1608 | L13: 0.0799 | M13: 0.004
A14: DJ/Summer 2021 | B14: 0.2078 | C14: 0.019 | D14: 0.025 | E14: 0.034 | F14: 0.028 | G14: 0.034 | H14: 0.0759 | I14: 0.1079 | J14: 0.2268 | K14: 0.1528 | L14: 0.0829 | M14: 0.006
A15: Appalachia/2021 | B15: 0.046 | C15: 0.034 | D15: 0.034 | E15: 0.0579 | F15: 0.0659 | G15: 0.0649 | H15: 0.0999 | I15: 0.0939 | J15: 0.0969 | K15: 0.024 | L15: 0.3187 | M15: 0.0639
A16: Uinta/2020 | B16: 0.1788 | C16: 0.0599 | D16: 0.0659 | E16: 0.0669 | F16: 0.0639 | G16: 0.0899 | H16: 0.0889 | I16: 0.1089 | J16: 0.1828 | K16: 0.0659 | L16: 0.024 | M16: 0.004
A17: Kairos Barnett

Sheet Comparison
A1: Basin/Campaign | B1: Production per site visit/Production per site | C1: FracLoss per site/FracLoss per site visit | D1: Production ratio/FracLoss ratio | G1: FracLoss change site visit
A2: Kairos Permian | B2: ='By site visit'!AV2/'By site'!BY3 -> 0 | C2: ='By site'!AX3/'By site visit'!AL2 -> #DIV/0! | D2: =B2/C2 -> #DIV/0! | G2: ='By site visit'!AN2/'By site'!AX3-1 -> -1
A3: Permian/2019 | B3: ='By site visit'!AV3/'By site'!BY4 -> 0 | C3: ='By site'!AX4/'By site visit'!AL3 -> 0.055276718 | D3: =B3/C3 -> 0 | G3: ='By site visit'!AN3/'By site'!AX4-1 -> -0.99278358
A4: Permian/2020 | B4: ='By site visit'!AV4/'By site'!BY5 -> #DIV/0! | C4: ='By site'!AX5/'By site visit'!AL4 -> #DIV/0! | D4: =B4/C4 -> #DIV/0! | G4: ='By site visit'!AN4/'By site'!AX5-1 -> #DIV/0!
A5: Permian/Summer 2021 | B5: ='By site visit'!AV5/'By site'!BY6 -> #DIV/0! | C5: ='By site'!AX6/'By site visit'!AL5 -> #DIV/0! | D5: =B5/C5 -> #DIV/0! | G5: ='By site visit'!AN5/'By site'!AX6-1 -> #DIV/0!
A6: Permian/Fall 2021 | B6: ='By site visit'!AV6/'By site'!BY7 -> #DIV/0! | C6: ='By site'!AX7/'By site visit'!AL6 -> #DIV/0! | D6: =B6/C6 -> #DIV/0! | G6: ='By site visit'!AN6/'By site'!AX7-1 -> #DIV/0!
A7: San Joaquin/2016-2017 | B7: ='By site visit'!AV7/'By site'!#REF! -> #DIV/0! | C7: ='By site'!#REF!/'By site visit'!AL7 -> #REF! | D7: =B7/C7 -> #DIV/0! | G7: ='By site visit'!AN7/'By site'!AX8-1 -> #DIV/0!
A8: San Joaquin/COVID 2020 | B8: ='By site visit'!AV8/'By site'!BY10 -> #DIV/0! | C8: ='By site'!AX10/'By site visit'!AL8 -> #DIV/0! | D8: =B8/C8 -> #DIV/0! | G8: ='By site visit'!AN8/'By site'!AX9-1 -> #DIV/0!
A9: San Joaquin/2020 | B9: ='By site visit'!AV9/'By site'!BY11 -> 0 | C9: ='By site'!AX11/'By site visit'!AL9 -> #DIV/0! | D9: =B9/C9 -> #DIV/0! | G9: ='By site visit'!AN9/'By site'!#REF!-1 -> #REF!
A10: San Joaquin/Fall 2021 | B10: ='By site visit'!AV10/'By site'!BY12 -> #DIV/0! | C10: ='By site'!AX12/'By site visit'!AL10 -> #DIV/0! | D10: =B10/C10 -> #DIV/0! | G10: ='By site visit'!AN10/'By site'!AX10-1 -> #DIV/0!
A11: DJ/Fall 2021 | B11: ='By site visit'!AV11/'By site'!BY13 -> #DIV/0! | C11: ='By site'!AX13/'By site visit'!AL11 -> #DIV/0! | D11: =B11/C11 -> #DIV/0! | G11: ='By site visit'!AN11/'By site'!AX11-1 -> #DIV/0!
A12: DJ/Summer 2021 | B12: ='By site visit'!AV12/'By site'!BY14 -> #DIV/0! | C12: ='By site'!AX14/'By site visit'!AL12 -> #DIV/0! | D12: =B12/C12 -> #DIV/0! | G12: ='By site visit'!AN12/'By site'!AX12-1 -> #DIV/0!
A13: Appalachia/2021 | B13: ='By site visit'!AV13/'By site'!BY15 -> #DIV/0! | C13: ='By site'!AX15/'By site visit'!AL13 -> #DIV/0! | D13: =B13/C13 -> #DIV/0! | G13: ='By site visit'!AN13/'By site'!AX13-1 -> #DIV/0!
A14: Uinta/2020 | B14: ='By site visit'!AV14/'By site'!BY16 -> #DIV/0! | C14: ='By site'!AX16/'By site visit'!AL14 -> #DIV/0! | D14: =B14/C14 -> #DIV/0! | G14: ='By site visit'!AN14/'By site'!AX14-1 -> #DIV/0!
A15: Kairos Barnett | B15: ='By site visit'!AV15/'By site'!BY17 -> #DIV/0! | C15: ='By site'!AX17/'By site visit'!AL15 -> #DIV/0! | D15: =B15/C15 -> #DIV/0! | G15: ='By site visit'!AN15/'By site'!AX15-1 -> #DIV/0!
